Department,Office,Division,Position,Grade,"Headcount-Current 
2012-2013","Headcount-Projected
2013-2014",Salary Range - Low,Salary Range-High
COMMON COUNCIL,COMMON COUNCIL,COMMON COUNCIL,President of the Common Council,FLAT,$1,1,$24.408,$24.408
COMMON COUNCIL,COMMON COUNCIL,COMMON COUNCIL,Councilor-at-Large,FLAT,$4,4,$21.224,$21.224
COMMON COUNCIL,COMMON COUNCIL,COMMON COUNCIL,District Councilor,FLAT,$5,5,$21.224,$21.224
COMMON COUNCIL,COMMON COUNCIL,COMMON COUNCIL,Legislative Aide,$16,$1,1,$53.151,60.324
COMMON COUNCIL,COMMON COUNCIL,COMMON COUNCIL,Administrative Officer,$11,$1,1,$37.909,$43.753
COMMON COUNCIL,COMMON COUNCIL,COMMON COUNCIL,Secretary to the Common Council,$11,$2,2,$37.909,$43.753
CITIZEN REVIEW BOARD,CITIZEN REVIEW BOARD,CITIZEN REVIEW BOARD,Program Coordinator-Citizen Review Board ,16E,$1,1,$47.675,$64.707
CITIZEN REVIEW BOARD,CITIZEN REVIEW BOARD,CITIZEN REVIEW BOARD,Typist II,$8,$1,0,$30.867,$36.037
CITIZEN REVIEW BOARD,CITIZEN REVIEW BOARD,CITIZEN REVIEW BOARD,Typist II,4,1,0,"$24,376","$28,878"
EXECUTIVE DEPARTMENT,OFFICE OF THE MAYOR,OFFICE OF THE MAYOR,Mayor,FLAT,$1,1,$115.000,$115.000
EXECUTIVE DEPARTMENT,OFFICE OF THE MAYOR,OFFICE OF THE MAYOR,Chief of Staff,23E,$1,1,$89.225,$115.480
EXECUTIVE DEPARTMENT,OFFICE OF THE MAYOR,OFFICE OF THE MAYOR,Director of Mayoral Initiative ,23E,$1,1,$89.225,$115.480
EXECUTIVE DEPARTMENT,OFFICE OF THE MAYOR,OFFICE OF THE MAYOR,Assistant Director of Gov’t Affairs,15E,$1,1,$42.571,$55.132
EXECUTIVE DEPARTMENT,OFFICE OF THE MAYOR,OFFICE OF THE MAYOR,Press Secretary,11E,$0,1,$29.690,$40.014
EXECUTIVE DEPARTMENT,OFFICE OF THE MAYOR,OFFICE OF THE MAYOR,Sr. Executive Secretary (to Mayor) ,$11,$1,1,$40.221,$46.301
EXECUTIVE DEPARTMENT,OFFICE OF THE MAYOR,OFFICE OF THE MAYOR,Administrative Intern,8,0,1,"$30,867","$36,037"
EXECUTIVE DEPARTMENT,OFFICE OF THE MAYOR,OFFICE OF THE MAYOR,Confidential Aide,$8,$1,1,"$30,867","$36,037"
EXECUTIVE DEPARTMENT,OFFICE OF THE MAYOR,OFFICE OF THE MAYOR,Seasonal Aide (Temporary),FLAT,$1,1,"$9,00","$9,00"
EXECUTIVE DEPARTMENT,OFFICE OF ADMINISTRATION,OFFICE OF ADMINISTRATION,Director of Administration,23E,$1,1,$89.225,$115.480
EXECUTIVE DEPARTMENT,OFFICE OF ADMINISTRATION,OFFICE OF ADMINISTRATION,Secretary to Director of Administration,$13,$1,1,"$43,466","$49,969"
EXECUTIVE DEPARTMENT,OFFICE OF MANAGEMENT AND BUDGET,DIVISION OF BUDGET,Director of Management & Budget,22E,$1,1,$78.750,$100.378
EXECUTIVE DEPARTMENT,OFFICE OF MANAGEMENT AND BUDGET,DIVISION OF BUDGET,Assistant Budget Director,17E,$1,1,$53.019,$69.393
EXECUTIVE DEPARTMENT,OFFICE OF MANAGEMENT AND BUDGET,DIVISION OF BUDGET,Budget Analyst III,$16,$1,1,$53.151,$60.324
EXECUTIVE DEPARTMENT,OFFICE OF MANAGEMENT AND BUDGET,DIVISION OF BUDGET,Budget Analyst I,"$11,00","$2,00",2,$37.909,$43.753
EXECUTIVE DEPARTMENT,OFFICE OF MANAGEMENT AND BUDGET,DIVISION OF PURCHASE,Purchasing Analyst III,17M,"$1,00",1,$53.686,$70.265
EXECUTIVE DEPARTMENT,OFFICE OF MANAGEMENT AND BUDGET,DIVISION OF PURCHASE,Purchasing Contract Clerk,"$10,00","$1,00",1,$35.465,$41.312
EXECUTIVE DEPARTMENT,OFFICE OF PERSONNEL AND LABOR RELATIONS,OFFICE OF PERSONNEL AND LABOR RELATIONS,Director of Labor Management Services,21E,1,1,$70.062,$94.124
EXECUTIVE DEPARTMENT,OFFICE OF PERSONNEL AND LABOR RELATIONS,OFFICE OF PERSONNEL AND LABOR RELATIONS,Asst. Director of Labor Management Services,16E,$1,1,$47.675,$64.707
EXECUTIVE DEPARTMENT,OFFICE OF PERSONNEL AND LABOR RELATIONS,OFFICE OF PERSONNEL AND LABOR RELATIONS,Risk Manager ,16E,1,0,"47,675","$64,707"
EXECUTIVE DEPARTMENT,OFFICE OF PERSONNEL AND LABOR RELATIONS,OFFICE OF PERSONNEL AND LABOR RELATIONS,Personnel Analyst II,$14,$1,1,$49.127,$55.898
EXECUTIVE DEPARTMENT,OFFICE OF PERSONNEL AND LABOR RELATIONS,OFFICE OF PERSONNEL AND LABOR RELATIONS,Multi-Cultural Affairs/Diversity Specialist,$13,$1,1,$46.002,$52.768
EXECUTIVE DEPARTMENT,OFFICE OF PERSONNEL AND LABOR RELATIONS,OFFICE OF PERSONNEL AND LABOR RELATIONS,Administrative Assistant,$10,$1,1,$37.678,$43.761
EXECUTIVE DEPARTMENT,OFFICE OF PERSONNEL AND LABOR RELATIONS,OFFICE OF PERSONNEL AND LABOR RELATIONS,Employee Insurance Representative,$10,$1,1,$37.678,$43.761
EXECUTIVE DEPARTMENT,OFFICE OF PERSONNEL AND LABOR RELATIONS,OFFICE OF PERSONNEL AND LABOR RELATIONS,Personnel Analyst I,$8,$1,1,$35.249,$40.615
EXECUTIVE DEPARTMENT,OFFICE OF PERSONNEL AND LABOR RELATIONS,OFFICE OF PERSONNEL AND LABOR RELATIONS,Asst. Employee Insurance Representative,$7,$1,1,$30.934,$36.315
EXECUTIVE DEPARTMENT,OFFICE OF PERSONNEL AND LABOR RELATIONS,OFFICE OF PERSONNEL AND LABOR RELATIONS,Clerk II,$4,$0,1,$26.142,$30.825
EXECUTIVE DEPARTMENT,OFFICE OF PERSONNEL AND LABOR RELATIONS,OFFICE OF PERSONNEL AND LABOR RELATIONS,Personnel Analyst (Temporary),FLAT,1,1,$30.000,$30.000
EXECUTIVE DEPARTMENT,BUREAU OF RESEARCH,BUREAU OF RESEARCH,Director of Research,19E,1,1,$63.427,$84.405
EXECUTIVE DEPARTMENT,BUREAU OF RESEARCH,BUREAU OF RESEARCH,Management Analyst,16,2,2,$53.151,$60.324
EXECUTIVE DEPARTMENT,BUREAU OF RESEARCH,BUREAU OF RESEARCH,Grants Procurement Specialist,11,0,1,"$37,909","$43,753"
EXECUTIVE DEPARTMENT,BUREAU OF RESEARCH,BUREAU OF RESEARCH,Clerk II,4,1,1,$24.376,$28.878
EXECUTIVE DEPARTMENT,BUREAU OF INFORMATION TECHNOLOGY,BUREAU OF INFORMATION TECHNOLOGY,Director of Information Technology,20E,1,1,$69.874,$90.052
EXECUTIVE DEPARTMENT,BUREAU OF INFORMATION TECHNOLOGY,BUREAU OF INFORMATION TECHNOLOGY,Data Processing Project Manager,18E,1,1,$57.896,76.870
EXECUTIVE DEPARTMENT,BUREAU OF INFORMATION TECHNOLOGY,BUREAU OF INFORMATION TECHNOLOGY,Programmer Analyst,18E,2,2,$57.896,$76.870
EXECUTIVE DEPARTMENT,BUREAU OF INFORMATION TECHNOLOGY,BUREAU OF INFORMATION TECHNOLOGY,Network Administrator,16,1,2,$56.079,$63.541
EXECUTIVE DEPARTMENT,BUREAU OF INFORMATION TECHNOLOGY,BUREAU OF INFORMATION TECHNOLOGY,Office Automation Analyst,12,2,2,$42.970,$49.043
EXECUTIVE DEPARTMENT,BUREAU OF INFORMATION TECHNOLOGY,BUREAU OF INFORMATION TECHNOLOGY,Computer Equip. Maintenance Specialist,10,1,1,$37.678,$43.761
EXECUTIVE DEPARTMENT,BUREAU OF INFORMATION TECHNOLOGY,BUREAU OF INFORMATION TECHNOLOGY,Account Clerk I,4,1,0,"$24,376","$28,878"
DEPARTMENT OF FINANCE,BUREAU OF THE TREASURY,BUREAU OF THE TREASURY,1st Deputy Commissioner of Finance,19E,1,1,$63.427,$84.405
DEPARTMENT OF FINANCE,BUREAU OF THE TREASURY,BUREAU OF THE TREASURY,Control Clerk,8,2,2,$30.867,$36.037
DEPARTMENT OF FINANCE,BUREAU OF THE TREASURY,BUREAU OF THE TREASURY,Clerk III,8,0,1,$30.867,$36.037
DEPARTMENT OF FINANCE,BUREAU OF THE TREASURY,BUREAU OF THE TREASURY,Tax Clerk,7,1,1,$28.982,$34.155
DEPARTMENT OF FINANCE,BUREAU OF THE TREASURY,BUREAU OF THE TREASURY,Account Clerk II,6,1,1,$27.207,$31.709
DEPARTMENT OF FINANCE,BUREAU OF THE TREASURY,BUREAU OF THE TREASURY,Cashier,6,2,2,$27.207,$31.709
DEPARTMENT OF FINANCE,BUREAU OF THE TREASURY,BUREAU OF THE TREASURY,Information Aide,1,2,2,$21.712,$26.054
DEPARTMENT OF FINANCE,BUREAU OF THE TREASURY,BUREAU OF THE TREASURY,Bingo Inspectors,FLAT,1,1,$2.500,$2.500
DEPARTMENT OF FINANCE,BUREAU OF ACCOUNTS,BUREAU OF ACCOUNTS,Commissioner of Finance,22E,1,1,$78.750,$100.378
DEPARTMENT OF FINANCE,BUREAU OF ACCOUNTS,BUREAU OF ACCOUNTS,Systems Accounting Manager,17E,1,1,$53.019,$69.393
DEPARTMENT OF FINANCE,BUREAU OF ACCOUNTS,BUREAU OF ACCOUNTS,Accountant II,15,1,1,$49.679,$56.181
DEPARTMENT OF FINANCE,BUREAU OF ACCOUNTS,BUREAU OF ACCOUNTS,Secretary to the Commissioner,12,1,1,$40.551,$46.388
DEPARTMENT OF FINANCE,BUREAU OF ACCOUNTS,BUREAU OF ACCOUNTS,Accountant I,11,4,4,$37.909,$43.753
DEPARTMENT OF FINANCE,BUREAU OF ACCOUNTS,BUREAU OF ACCOUNTS,Payroll Clerk,10,2,2,$35.465,$41.312
DEPARTMENT OF FINANCE,BUREAU OF ACCOUNTS,BUREAU OF ACCOUNTS,Examiner of Claims,9,2,2,$33.130,$38.288
DEPARTMENT OF FINANCE,PARKING VIOLATIONS BUREAU,PARKING VIOLATIONS BUREAU,Deputy Commissioner of Finance,18E,0,1,$57.896,$76.870
DEPARTMENT OF FINANCE,PARKING VIOLATIONS BUREAU,PARKING VIOLATIONS BUREAU,Parking Ticket Collection Supervisor,16E,1,1,$47.675,$64.707
DEPARTMENT OF FINANCE,PARKING VIOLATIONS BUREAU,PARKING VIOLATIONS BUREAU,Administrative Assistant,10,1,1,$35.465,$41.312
DEPARTMENT OF FINANCE,PARKING VIOLATIONS BUREAU,PARKING VIOLATIONS BUREAU,Clerk III,8,1,1,$30.867,$36.037
DEPARTMENT OF FINANCE,PARKING VIOLATIONS BUREAU,PARKING VIOLATIONS BUREAU,Cashier,6,2,2,$27.207,$31.709
DEPARTMENT OF FINANCE,PARKING VIOLATIONS BUREAU,PARKING VIOLATIONS BUREAU,Data Entry Equipment Operator ,2,2,2,$22.282,$26.621
DEPARTMENT OF FINANCE,PARKING VIOLATIONS BUREAU,PARKING VIOLATIONS BUREAU,Typist I,2,1,1,$22.282,$26.621
DEPARTMENT OF FINANCE,PARKING VIOLATIONS BUREAU,PARKING VIOLATIONS BUREAU,Information Aide,1,2,2,$21.712,$26.054
DEPARTMENT OF AUDIT,DEPARTMENT OF AUDIT,DEPARTMENT OF AUDIT,City Auditor,FLAT ,1,1,$53.101,$53.101
DEPARTMENT OF AUDIT,DEPARTMENT OF AUDIT,DEPARTMENT OF AUDIT,Deputy City Auditor,16E,1,1,$47.675,$64.707
DEPARTMENT OF AUDIT,DEPARTMENT OF AUDIT,DEPARTMENT OF AUDIT,Auditor I,11,1,1,$37.909,$43.753
DEPARTMENT OF AUDIT,DEPARTMENT OF AUDIT,DEPARTMENT OF AUDIT,Secretary to City Auditor,7,1,1,"$28,982","$34,155"
DEPARTMENT OF AUDIT,DEPARTMENT OF AUDIT,DEPARTMENT OF AUDIT,Summer Aide (Temporary),FLAT,1,1,10.00 /hr,10.00 /hr
CITY CLERK´S OFFICE,CITY CLERK´S OFFICE,CITY CLERK´S OFFICE,City Clerk,21E,1,1,$70.062,$94.124
CITY CLERK´S OFFICE,CITY CLERK´S OFFICE,CITY CLERK´S OFFICE,Deputy City Clerk,16E,1,1,$47.675,$64.707
CITY CLERK´S OFFICE,CITY CLERK´S OFFICE,CITY CLERK´S OFFICE,Secretary to the City Clerk,13,1,1,$43.466,$49.969
CITY CLERK´S OFFICE,CITY CLERK´S OFFICE,CITY CLERK´S OFFICE,Administrative Analyst,11,1,1,$37.909,$43.753
CITY CLERK´S OFFICE,CITY CLERK´S OFFICE,CITY CLERK´S OFFICE,Administrative Assistant,10,1,1,$35.465,$41.312
CITY CLERK´S OFFICE,CITY CLERK´S OFFICE,CITY CLERK´S OFFICE,Clerk I (Temporary),FLAT,1,1,"$15,600/Yr","$15,600/Yr"
DEPARTMENT OF ASSESSMENT,DEPARTMENT OF ASSESSMENT,DEPARTMENT OF ASSESSMENT,Commissioner of Assessment,21E,1,1,$70.062,$94.124
DEPARTMENT OF ASSESSMENT,DEPARTMENT OF ASSESSMENT,DEPARTMENT OF ASSESSMENT,Deputy Commissioner of Assessment,17E,0,1,$53.019,$69.393
DEPARTMENT OF ASSESSMENT,DEPARTMENT OF ASSESSMENT,DEPARTMENT OF ASSESSMENT,Senior Appraiser,15,2,2,$46.470,$52.977
DEPARTMENT OF ASSESSMENT,DEPARTMENT OF ASSESSMENT,DEPARTMENT OF ASSESSMENT,Real Property Appraiser,13,1,1,$43.466,$49.969
DEPARTMENT OF ASSESSMENT,DEPARTMENT OF ASSESSMENT,DEPARTMENT OF ASSESSMENT,Secretary to Commissioner,11,1,1,$37.909,$43.753
DEPARTMENT OF ASSESSMENT,DEPARTMENT OF ASSESSMENT,DEPARTMENT OF ASSESSMENT,Real Property Appraiser Aide ,9,1,0,"$33,130","$38,288"
DEPARTMENT OF ASSESSMENT,DEPARTMENT OF ASSESSMENT,DEPARTMENT OF ASSESSMENT,Control Clerk,8,1,1,$30.867,$36.037
DEPARTMENT OF ASSESSMENT,DEPARTMENT OF ASSESSMENT,DEPARTMENT OF ASSESSMENT,Assessment Clerk,4,2,3,"$24,376","$28,878"
DEPARTMENT OF ASSESSMENT,DEPARTMENT OF ASSESSMENT,DEPARTMENT OF ASSESSMENT,Valuation Data Manager (Temporary),FLAT,1,0,"$2,000/Yr.","$2,000/Yr."
DEPARTMENT OF LAW,DEPARTMENT OF LAW,DEPARTMENT OF LAW,Corporation Counsel VI,23E,1,1,$89.225,$115.480
DEPARTMENT OF LAW,DEPARTMENT OF LAW,DEPARTMENT OF LAW,Assistant Corporation Counsel V,22E,1,1,$78.750,$100.378
DEPARTMENT OF LAW,DEPARTMENT OF LAW,DEPARTMENT OF LAW,1st Assistant Corporation Counsel,22E,1,1,$78.750,$100.378
DEPARTMENT OF LAW,DEPARTMENT OF LAW,DEPARTMENT OF LAW,Assistant Corporation Counsel IV,19E,1,1,$63.427,$84.405
DEPARTMENT OF LAW,DEPARTMENT OF LAW,DEPARTMENT OF LAW,Assistant Corporation Counsel III,18E,5,4,$57.896,$76.870
DEPARTMENT OF LAW,DEPARTMENT OF LAW,DEPARTMENT OF LAW,Assistant Corporation Counsel II,17E,4,4,$53.019,$69.393
DEPARTMENT OF LAW,DEPARTMENT OF LAW,DEPARTMENT OF LAW,Assistant Corporation Counsel I,15E,2,3,$42.571,$55.132
DEPARTMENT OF LAW,DEPARTMENT OF LAW,DEPARTMENT OF LAW,Paralegal,11E,3,3,$29.690,$40.014
DEPARTMENT OF LAW,DEPARTMENT OF LAW,DEPARTMENT OF LAW,Secretary to the Corporation Counsel,11,1,1,$37.909,$43.753
DEPARTMENT OF LAW,DEPARTMENT OF LAW,DEPARTMENT OF LAW,Law Clerk (Temporary),FLAT,1,1,$8.00/Hr.,$8.00/Hr.
DEPARTMENT OF NEIGHBORHOOD AND BUSINESS DEVELOPMENT,DEPARTMENT OF NEIGHBORHOOD AND BUSINESS DEVELOPMENT,DEPARTMENT OF NEIGHBORHOOD AND BUSINESS DEVELOPMENT,Commissioner of Neighborhood & Business,22E,1,1,$78.750,$100.378
DIVISION OF CODE ENFORCEMENT,DIVISION OF CODE ENFORCEMENT,DIVISION OF CODE ENFORCEMENT,Struct. & New Const. Examiner-Electrical,13,14,14,$43.466,$49.969
DIVISION OF CODE ENFORCEMENT,DIVISION OF CODE ENFORCEMENT,DIVISION OF CODE ENFORCEMENT,Electrical Inspector II,13,2,2,$43.466,$49.969
DIVISION OF CODE ENFORCEMENT,DIVISION OF CODE ENFORCEMENT,DIVISION OF CODE ENFORCEMENT,Plans Examiner II,13,2,2,$43.466,$49.969
DIVISION OF CODE ENFORCEMENT,DIVISION OF CODE ENFORCEMENT,DIVISION OF CODE ENFORCEMENT,Plans Examiner I,11,1,1,"$37,909","$43,753"
DIVISION OF CODE ENFORCEMENT,DIVISION OF CODE ENFORCEMENT,DIVISION OF CODE ENFORCEMENT,Housing Inspector,10,0,3,$35.465,$41.312
DIVISION OF CODE ENFORCEMENT,DIVISION OF CODE ENFORCEMENT,DIVISION OF CODE ENFORCEMENT,Control Clerk,8,2,2,$30.867,$36.037
DIVISION OF CODE ENFORCEMENT,DIVISION OF CODE ENFORCEMENT,DIVISION OF CODE ENFORCEMENT,Typist II,8,0,3,$30.867,$36.037
DIVISION OF CODE ENFORCEMENT,DIVISION OF CODE ENFORCEMENT,DIVISION OF CODE ENFORCEMENT,Information Aide,1,0,2,$21.712,$26.054
DIVISION OF CODE ENFORCEMENT,DIVISION OF CODE ENFORCEMENT,DIVISION OF CODE ENFORCEMENT,Summer Laborer,FLAT,9,9,$8.00/Hr,$8.00/Hr
DEPARTMENT OF ENGINEERING. TECHNICAL SERVICES,DEPARTMENT OF ENGINEERING. TECHNICAL SERVICES,DEPARTMENT OF ENGINEERING. TECHNICAL SERVICES,City Engineer,21E,1,1,$70.062,$94.124
DEPARTMENT OF ENGINEERING. TECHNICAL SERVICES,DEPARTMENT OF ENGINEERING. TECHNICAL SERVICES,DEPARTMENT OF ENGINEERING. TECHNICAL SERVICES,Deputy City Engineer,18E,1,1,$57.896,$76.870
DEPARTMENT OF ENGINEERING. TECHNICAL SERVICES,DEPARTMENT OF ENGINEERING. TECHNICAL SERVICES,DEPARTMENT OF ENGINEERING. TECHNICAL SERVICES,Division Engineer-Design & Construction,17M,1,1,"$53,686","$70,265"
DEPARTMENT OF ENGINEERING. TECHNICAL SERVICES,DEPARTMENT OF ENGINEERING. TECHNICAL SERVICES,DEPARTMENT OF ENGINEERING. TECHNICAL SERVICES,Division Engineer-Mapping,17M,1,1,"$53,686","$70,265"
DEPARTMENT OF ENGINEERING. TECHNICAL SERVICES,DEPARTMENT OF ENGINEERING. TECHNICAL SERVICES,DEPARTMENT OF ENGINEERING. TECHNICAL SERVICES,Division Engineer -Building,17M,1,1,"$53,686","$70,265"
DEPARTMENT OF ENGINEERING. TECHNICAL SERVICES,DEPARTMENT OF ENGINEERING. TECHNICAL SERVICES,DEPARTMENT OF ENGINEERING. TECHNICAL SERVICES,Facilities Engineer,16M,6,6,$47.329,$64.837
DEPARTMENT OF ENGINEERING. TECHNICAL SERVICES,DEPARTMENT OF ENGINEERING. TECHNICAL SERVICES,DEPARTMENT OF ENGINEERING. TECHNICAL SERVICES,Civil Engineer II,15,1,1,$49.679,$56.181
DEPARTMENT OF ENGINEERING. TECHNICAL SERVICES,DEPARTMENT OF ENGINEERING. TECHNICAL SERVICES,DEPARTMENT OF ENGINEERING. TECHNICAL SERVICES,GIS Specialist II,15,1,1,$49.679,$56.181
DEPARTMENT OF ENGINEERING. TECHNICAL SERVICES,DEPARTMENT OF ENGINEERING. TECHNICAL SERVICES,DEPARTMENT OF ENGINEERING. TECHNICAL SERVICES,Civil Engineer I,13,5,5,$43.466,$49.969
DEPARTMENT OF ENGINEERING. TECHNICAL SERVICES,DEPARTMENT OF ENGINEERING. TECHNICAL SERVICES,DEPARTMENT OF ENGINEERING. TECHNICAL SERVICES,Construction Inspector II,12,1,0,"$40,551","$46,388"
DEPARTMENT OF ENGINEERING. TECHNICAL SERVICES,DEPARTMENT OF ENGINEERING. TECHNICAL SERVICES,DEPARTMENT OF ENGINEERING. TECHNICAL SERVICES,Clerk of the Works I,11,1,2,$37.909,$43.753
DEPARTMENT OF ENGINEERING. TECHNICAL SERVICES,DEPARTMENT OF ENGINEERING. TECHNICAL SERVICES,DEPARTMENT OF ENGINEERING. TECHNICAL SERVICES,Engineering Technician I,10,2,2,$35.465,$41.312
DEPARTMENT OF ENGINEERING. TECHNICAL SERVICES,DEPARTMENT OF ENGINEERING. TECHNICAL SERVICES,DEPARTMENT OF ENGINEERING. TECHNICAL SERVICES,Administrative Assistant,10,1,1,$35.465,$41.312
DEPARTMENT OF ENGINEERING. TECHNICAL SERVICES,DEPARTMENT OF ENGINEERING. TECHNICAL SERVICES,DEPARTMENT OF ENGINEERING. TECHNICAL SERVICES,Accountant II (Part time) ,15,1,1,$29.21/Hr,$29.21/Hr
DEPARTMENT OF ENGINEERING. TECHNICAL SERVICES,DEPARTMENT OF ENGINEERING. TECHNICAL SERVICES,DEPARTMENT OF ENGINEERING. TECHNICAL SERVICES,Facilities Engineer (Temporary),FLAT,1,1,$30.000,$30.000
DEPARTMENT OF PUBLIC WORKS,MAIN OFFICE,MAIN OFFICE,Commissioner of Public Works,21E,1,1,$70.062,$94.124
DEPARTMENT OF PUBLIC WORKS,MAIN OFFICE,MAIN OFFICE,First Deputy Commissioner (General),18E,1,1,$57.896,$76.870
DEPARTMENT OF PUBLIC WORKS,MAIN OFFICE,MAIN OFFICE,Deputy Commissioner (Physical),17E,1,1,$53.019,$69.393
DEPARTMENT OF PUBLIC WORKS,MAIN OFFICE,MAIN OFFICE,Administrative Officer,16E,1,1,$47.675,$64.707
DEPARTMENT OF PUBLIC WORKS,MAIN OFFICE,MAIN OFFICE,Network Administrator,16,1,1,$53.151,"$60,324"
DEPARTMENT OF PUBLIC WORKS,MAIN OFFICE,MAIN OFFICE,Personnel Administrator,14,1,1,$46.470,$52.977
DEPARTMENT OF PUBLIC WORKS,MAIN OFFICE,MAIN OFFICE,Secretary to the Commissioner,11,1,1,$37.909,$43.753
DEPARTMENT OF PUBLIC WORKS,MAIN OFFICE,MAIN OFFICE,Accountant I,11,1,1,$37.909,$43.753
DEPARTMENT OF PUBLIC WORKS,MAIN OFFICE,MAIN OFFICE,Clerk III,8,1,1,"$30,867","$36,037"
DEPARTMENT OF PUBLIC WORKS,MAIN OFFICE,MAIN OFFICE,Account Clerk II,6,1,1,$27.207,$31.709
DEPARTMENT OF PUBLIC WORKS,MAIN OFFICE,MAIN OFFICE,Account Clerk I,4,1,1,$24.376,$28.878
DEPARTMENT OF PUBLIC WORKS,MAIN OFFICE,MAIN OFFICE,Clerk II,4,1,1,$24.376,$28.878
DEPARTMENT OF PUBLIC WORKS,MAIN OFFICE,MAIN OFFICE,Information Aide,1,1,1,$21.712,$26.054
DEPARTMENT OF PUBLIC WORKS,MAIN OFFICE,MAIN OFFICE,Deputy Commissioner (Technical) (Temporary),FLAT,1,1,$30.000,$30.000
DEPARTMENT OF PUBLIC WORKS,DEPARTMENT OF PUBLIC WORKS,DIVISION OF INFORMATION AND SERVICE REQUESTS,Public Program Supervisor,16M,1,1,"$47,329","$64,837"
DEPARTMENT OF PUBLIC WORKS,DEPARTMENT OF PUBLIC WORKS,DIVISION OF INFORMATION AND SERVICE REQUESTS,Complaint Investigator,8,3,3,"$30,867","$36,037"
DEPARTMENT OF PUBLIC WORKS,DEPARTMENT OF PUBLIC WORKS,DIVISION OF INFORMATION AND SERVICE REQUESTS,Labor Crewleader,22,2,2,$17.97,$17.97
DEPARTMENT OF PUBLIC WORKS,DEPARTMENT OF PUBLIC WORKS,DIVISION OF INFORMATION AND SERVICE REQUESTS,Motor Equipment Operator I,8,2,2,$14.92,$15.78
DEPARTMENT OF PUBLIC WORKS,DEPARTMENT OF PUBLIC WORKS,DIVISION OF INFORMATION AND SERVICE REQUESTS,Laborer II,6,4,3,$14.64,$15.46
DEPARTMENT OF PUBLIC WORKS,DEPARTMENT OF PUBLIC WORKS,DIVISION OF INFORMATION AND SERVICE REQUESTS,Laborer I,3,5,5,$14.24,$15.07
DEPARTMENT OF PUBLIC WORKS,DEPARTMENT OF PUBLIC WORKS,DIVISION OF INFORMATION AND SERVICE REQUESTS,Summer Laborer (Temporary),FLAT,14,14,$8.00/Hr.,$8.00/Hr.
DEPARTMENT OF PUBLIC WORKS,DEPARTMENT OF PUBLIC WORKS,DIVISION OF BUILDING SERVICES,Director of Building Maint. & Operations,16M,1,1,"$47,329","$64,837"
DEPARTMENT OF PUBLIC WORKS,DEPARTMENT OF PUBLIC WORKS,DIVISION OF BUILDING SERVICES,Building Maintenance Supervisor,15M,1,1,"$42,285","$56,275"
DEPARTMENT OF PUBLIC WORKS,DEPARTMENT OF PUBLIC WORKS,DIVISION OF BUILDING SERVICES,Maintenance Crewleader,28,1,1,$19.00,$19.00
DEPARTMENT OF PUBLIC WORKS,DEPARTMENT OF PUBLIC WORKS,DIVISION OF BUILDING SERVICES,Building Maintenance Crewleader,28,1,1,$19.00,$19.00
DEPARTMENT OF PUBLIC WORKS,DEPARTMENT OF PUBLIC WORKS,DIVISION OF BUILDING SERVICES,Maintenance Worker I,8,4,4,$14.92,$15.78
DEPARTMENT OF PUBLIC WORKS,DEPARTMENT OF PUBLIC WORKS,DIVISION OF BUILDING SERVICES,Laborer I,3,4,3,$14.24,$15.07
DEPARTMENT OF PUBLIC WORKS,DEPARTMENT OF PUBLIC WORKS,DIVISION OF BUILDING SERVICES,Custodial Worker II,2,1,1,$13.98,$14.77
DEPARTMENT OF PUBLIC WORKS,DEPARTMENT OF PUBLIC WORKS,DIVISION OF BUILDING SERVICES,Custodial Worker I,1,1,2,$13.52,$14.33
DEPARTMENT OF PUBLIC WORKS,DEPARTMENT OF PUBLIC WORKS,DIVISION OF BUILDING SERVICES,Electrician,FLAT,7,7,$29.03,$29.03
DEPARTMENT OF PUBLIC WORKS,DEPARTMENT OF PUBLIC WORKS,DIVISION OF BUILDING SERVICES,Plumber,FLAT,2,2,$28.51,$28.51
DEPARTMENT OF PUBLIC WORKS,DEPARTMENT OF PUBLIC WORKS,DIVISION OF BUILDING SERVICES,Steamfitter,FLAT,2,2,$28.51,$28.51
DEPARTMENT OF PUBLIC WORKS,DEPARTMENT OF PUBLIC WORKS,DIVISION OF BUILDING SERVICES,Carpenter,FLAT,7,7,$28.00,$28.00
DEPARTMENT OF PUBLIC WORKS,DEPARTMENT OF PUBLIC WORKS,DIVISION OF BUILDING SERVICES,Mason,FLAT,4,4,$28.41,$28.41
DEPARTMENT OF PUBLIC WORKS,DEPARTMENT OF PUBLIC WORKS,DIVISION OF BUILDING SERVICES,Painter,FLAT,5,5,$26.97,$26.97
DEPARTMENT OF PUBLIC WORKS,DEPARTMENT OF PUBLIC WORKS,DIVISION OF BUILDING SERVICES,Roofer,FLAT,2,2,$28.70,$28.70
DEPARTMENT OF PUBLIC WORKS,DEPARTMENT OF PUBLIC WORKS,DIVISION OF BUILDING SERVICES,Custodial Helper (Part-time) ,1,1,0,$13.52,$14.33
DEPARTMENT OF PUBLIC WORKS,DEPARTMENT OF PUBLIC WORKS,DIVISION OF BUILDING SERVICES,Mason (Temporary),FLAT,1,1,$45.98,$45.98
DEPARTMENT OF PUBLIC WORKS,DEPARTMENT OF PUBLIC WORKS,DIVISION OF BUILDING SERVICES,Roofer (Temporary),FLAT,5,5,$41.59,$41.59
DEPARTMENT OF PUBLIC WORKS,DEPARTMENT OF PUBLIC WORKS,DIVISION OF BUILDING SERVICES,Painter (Temporary),FLAT,2,2,$38.44,$38.44
DEPARTMENT OF PUBLIC WORKS,DEPARTMENT OF PUBLIC WORKS,DIVISION OF BUILDING SERVICES,Electrician (Temporary),FLAT,0,2,$51.07,$51.07
DEPARTMENT OF PUBLIC WORKS,DEPARTMENT OF PUBLIC WORKS,DIVISION OF STREET REPAIR,Superintendent of Street Repair,16M,1,1,"$47,329","$64,837"
DEPARTMENT OF PUBLIC WORKS,DEPARTMENT OF PUBLIC WORKS,DIVISION OF STREET REPAIR,Engineering Project Coordinator,16M,1,1,"$47,329","$64,837"
DEPARTMENT OF PUBLIC WORKS,DEPARTMENT OF PUBLIC WORKS,DIVISION OF STREET REPAIR,Bituminous Lab Technician,13,1,1,"$43,466","$49,969"
DEPARTMENT OF PUBLIC WORKS,DEPARTMENT OF PUBLIC WORKS,DIVISION OF STREET REPAIR,Construction Inspector II,12,1,1,"$40,551","$46,388"
DEPARTMENT OF PUBLIC WORKS,DEPARTMENT OF PUBLIC WORKS,DIVISION OF STREET REPAIR,Asphalt Plant Operator,11,1,1,"$37,909","$43,753"
DEPARTMENT OF PUBLIC WORKS,DEPARTMENT OF PUBLIC WORKS,DIVISION OF STREET REPAIR,Engineering Technician I,10,2,2,"$35,465","$41,312"
DEPARTMENT OF PUBLIC WORKS,DEPARTMENT OF PUBLIC WORKS,DIVISION OF STREET REPAIR,Street Maintenance Crewleader,24,3,3,$18.49,$18.49
DEPARTMENT OF PUBLIC WORKS,DEPARTMENT OF PUBLIC WORKS,DIVISION OF STREET REPAIR,Maintenance Welder,16,1,1,$16.51,$17.33
DEPARTMENT OF PUBLIC WORKS,DEPARTMENT OF PUBLIC WORKS,DIVISION OF STREET REPAIR,Motor Equipment Operator II,12,10,10,$15.62,$16.47
DEPARTMENT OF PUBLIC WORKS,DEPARTMENT OF PUBLIC WORKS,DIVISION OF STREET REPAIR,Motor Equipment Operator I,8,6,6,$14.92,$15.78
DEPARTMENT OF PUBLIC WORKS,DEPARTMENT OF PUBLIC WORKS,DIVISION OF STREET REPAIR,Laborer II,6,17,17,$14.64,$15.46
DEPARTMENT OF PUBLIC WORKS,DEPARTMENT OF PUBLIC WORKS,DIVISION OF STREET REPAIR,Street Cut Inspector,5,1,1,$14.46,$15.33
DEPARTMENT OF PUBLIC WORKS,DEPARTMENT OF PUBLIC WORKS,DIVISION OF MOTOR EQUIPMENT MAINTENANCE,Fleet Manager,16M,1,1,"$47,329","$64,837"
DEPARTMENT OF PUBLIC WORKS,DEPARTMENT OF PUBLIC WORKS,DIVISION OF MOTOR EQUIPMENT MAINTENANCE,Equipment Maintenance Supervisor,15M,1,1,"$42,285","$56,275"
DEPARTMENT OF PUBLIC WORKS,DEPARTMENT OF PUBLIC WORKS,DIVISION OF MOTOR EQUIPMENT MAINTENANCE,Safety Trainer Instructor,15E,1,1,"$42,571","$55,132"
DEPARTMENT OF PUBLIC WORKS,DEPARTMENT OF PUBLIC WORKS,DIVISION OF MOTOR EQUIPMENT MAINTENANCE,Supervisor of Stores and Services,13M,1,1,"$38,847","$49,848"
DEPARTMENT OF PUBLIC WORKS,DEPARTMENT OF PUBLIC WORKS,DIVISION OF MOTOR EQUIPMENT MAINTENANCE,Heavy Equipment Mechanic Crewleader,29,2,2,$19.19,$19.19
DEPARTMENT OF PUBLIC WORKS,DEPARTMENT OF PUBLIC WORKS,DIVISION OF MOTOR EQUIPMENT MAINTENANCE,Heavy Equipment Mechanic II,16,14,14,$16.51,$17.33
DEPARTMENT OF PUBLIC WORKS,DEPARTMENT OF PUBLIC WORKS,DIVISION OF MOTOR EQUIPMENT MAINTENANCE,Maintenance Machinist,16,1,1,$16.51,$17.33
DEPARTMENT OF PUBLIC WORKS,DEPARTMENT OF PUBLIC WORKS,DIVISION OF MOTOR EQUIPMENT MAINTENANCE,Maintenance Welder,16,2,2,$16.51,$17.33
DEPARTMENT OF PUBLIC WORKS,DEPARTMENT OF PUBLIC WORKS,DIVISION OF MOTOR EQUIPMENT MAINTENANCE,Storekeeper,15,2,2,$16.23,$17.02
DEPARTMENT OF PUBLIC WORKS,DEPARTMENT OF PUBLIC WORKS,DIVISION OF MOTOR EQUIPMENT MAINTENANCE,Auto Body Repair Worker,14,1,1,$16.08,$16.89
DEPARTMENT OF PUBLIC WORKS,DEPARTMENT OF PUBLIC WORKS,DIVISION OF MOTOR EQUIPMENT MAINTENANCE,Auto Mechanic,14,3,3,$16.08,$16.89
DEPARTMENT OF PUBLIC WORKS,DEPARTMENT OF PUBLIC WORKS,DIVISION OF MOTOR EQUIPMENT MAINTENANCE,Tire Service Mechanic,13,2,2,$15.75,$16.56
DEPARTMENT OF PUBLIC WORKS,DEPARTMENT OF PUBLIC WORKS,DIVISION OF MOTOR EQUIPMENT MAINTENANCE,Stock Clerk,8,1,1,$14.92,$15.78
DEPARTMENT OF PUBLIC WORKS,DEPARTMENT OF PUBLIC WORKS,DIVISION OF MOTOR EQUIPMENT MAINTENANCE,Auto Mechanic Helper,8,2,2,$14.92,$15.78
DEPARTMENT OF PUBLIC WORKS,DEPARTMENT OF PUBLIC WORKS,DIVISION OF MOTOR EQUIPMENT MAINTENANCE,Motor Equipment Dispatcher,7,1,1,$14.87,$15.72
DEPARTMENT OF PUBLIC WORKS,DEPARTMENT OF PUBLIC WORKS,"DIVISION OF WASTE COLLECTION, RECYCLING, AND DISPOSAL",Superintendent of Waste Collection,16M,1,1,"$47,329","$64,837"
DEPARTMENT OF PUBLIC WORKS,DEPARTMENT OF PUBLIC WORKS,"DIVISION OF WASTE COLLECTION, RECYCLING, AND DISPOSAL",Accountant II,15,1,1,"$49,679","$56,181"
DEPARTMENT OF PUBLIC WORKS,DEPARTMENT OF PUBLIC WORKS,"DIVISION OF WASTE COLLECTION, RECYCLING, AND DISPOSAL",Sanitation Crewleader,23,5,5,$18.32,$18.32
DEPARTMENT OF PUBLIC WORKS,DEPARTMENT OF PUBLIC WORKS,"DIVISION OF WASTE COLLECTION, RECYCLING, AND DISPOSAL",Motor Equipment Operator I,8,50,50,$14.92,$15.78
DEPARTMENT OF PUBLIC WORKS,DEPARTMENT OF PUBLIC WORKS,"DIVISION OF WASTE COLLECTION, RECYCLING, AND DISPOSAL",Sanitation Worker,5,36,36,$14.46,$15.33
DEPARTMENT OF PUBLIC WORKS,DEPARTMENT OF PUBLIC WORKS,"DIVISION OF WASTE COLLECTION, RECYCLING, AND DISPOSAL",Laborer (Temporary),FLAT,2,6,$8.00/Hr.,$8.00/Hr.
DEPARTMENT OF PUBLIC WORKS,DEPARTMENT OF PUBLIC WORKS,DIVISION OF STREET CLEANING,Superintendent of Street Cleaning,16M,1,1,"$47,329","$64,837"
DEPARTMENT OF PUBLIC WORKS,DEPARTMENT OF PUBLIC WORKS,DIVISION OF STREET CLEANING,Ass’t. Superintendent of Street Cleaning,15M,1,1,"$42,285","$56,275"
DEPARTMENT OF PUBLIC WORKS,DEPARTMENT OF PUBLIC WORKS,DIVISION OF STREET CLEANING,Street Maintenance Crewleader,24,6,6,$18.49,$18.49
DEPARTMENT OF PUBLIC WORKS,DEPARTMENT OF PUBLIC WORKS,DIVISION OF STREET CLEANING,Motor Equipment Operator II,12,16,16,$15.62,$16.47
DEPARTMENT OF PUBLIC WORKS,DEPARTMENT OF PUBLIC WORKS,DIVISION OF STREET CLEANING,Motor Equipment Operator I,8,19,19,$14.92,$15.78
DEPARTMENT OF PUBLIC WORKS,DEPARTMENT OF PUBLIC WORKS,DIVISION OF STREET CLEANING,Laborer II,6,8,8,$14.64,$15.46
DEPARTMENT OF PUBLIC WORKS,DEPARTMENT OF PUBLIC WORKS,DIVISION OF STREET CLEANING,Laborer I,3,14,14,$14.24,$15.07
DEPARTMENT OF PUBLIC WORKS,DEPARTMENT OF PUBLIC WORKS,DIVISION OF TRANSPORTATION,Parking Facilities Supervisor ,17E,1,1,"$53,019","$69,393"
DEPARTMENT OF PUBLIC WORKS,DEPARTMENT OF PUBLIC WORKS,DIVISION OF TRANSPORTATION,Superintendent of Traffic Services,16M,1,1,"$47,329","$64,837"
DEPARTMENT OF PUBLIC WORKS,DEPARTMENT OF PUBLIC WORKS,DIVISION OF TRANSPORTATION,Traffic Signal Control Operator,16M,1,1,"$47,329","$64,837"
DEPARTMENT OF PUBLIC WORKS,DEPARTMENT OF PUBLIC WORKS,DIVISION OF TRANSPORTATION,Traffic Signal Repair Crewleader,29,1,1,$19.18,$19.18
DEPARTMENT OF PUBLIC WORKS,DEPARTMENT OF PUBLIC WORKS,DIVISION OF TRANSPORTATION,Traffic Sign Maintenance Crewleader,27,2,2,$18.75,$18.75
DEPARTMENT OF PUBLIC WORKS,DEPARTMENT OF PUBLIC WORKS,DIVISION OF TRANSPORTATION,Traffic Signal Repair Worker II,16,5,5,16.51,$17.33
DEPARTMENT OF PUBLIC WORKS,DEPARTMENT OF PUBLIC WORKS,DIVISION OF TRANSPORTATION,Sign Fabricator,15,1,1,$16.23,$17.02
DEPARTMENT OF PUBLIC WORKS,DEPARTMENT OF PUBLIC WORKS,DIVISION OF TRANSPORTATION,Traffic Maintenance Worker,11,6,6,$15.41,$16.29
DEPARTMENT OF PUBLIC WORKS,DEPARTMENT OF PUBLIC WORKS,DIVISION OF TRANSPORTATION,Laborer II,6,2,2,$14.64,$15.46
DEPARTMENT OF PUBLIC WORKS,DEPARTMENT OF PUBLIC WORKS,DIVISION OF TRANSPORTATION,Laborer (Temporary),FLAT,3,3,$8.00Hr.,$8.00Hr.
DEPARTMENT OF FIRE,DEPARTMENT OF FIRE,MAIN FIRE,Chief of Fire,22E,1,1,"$101,504","$101,504"
DEPARTMENT OF FIRE,DEPARTMENT OF FIRE,MAIN FIRE,First Deputy Chief,20E,1,1,"$96,078","$96,078"
DEPARTMENT OF FIRE,DEPARTMENT OF FIRE,MAIN FIRE,Deputy Chief,FLAT,5,5,"$94,632","$94,632"
DEPARTMENT OF FIRE,DEPARTMENT OF FIRE,MAIN FIRE,District Chief,35A,15,14,"$77,299","$77,299"
DEPARTMENT OF FIRE,DEPARTMENT OF FIRE,MAIN FIRE,Fire Captain,32A,21,21,"$71,644","$71,644"
DEPARTMENT OF FIRE,DEPARTMENT OF FIRE,MAIN FIRE,Fire Lieutenant,25B,68,68,"$66,008","$66,008"
DEPARTMENT OF FIRE,DEPARTMENT OF FIRE,MAIN FIRE,Firefighter,21A,241,241,"$39,296 ","$58,515"
DEPARTMENT OF FIRE,DEPARTMENT OF FIRE,MAIN FIRE,Fire Equipment Maintenance Supt.,35A,0,1,"$77,299","$77,299"
DEPARTMENT OF FIRE,DEPARTMENT OF FIRE,MAIN FIRE,Ass't Fire Equipment Maintenance Supt.,32A,1,0,"$71,644","$71,644"
DEPARTMENT OF FIRE,DEPARTMENT OF FIRE,MAIN FIRE CIVILIAN,Fiscal Officer,16E,1,1,"$47,675 ","$64,707"
DEPARTMENT OF FIRE,DEPARTMENT OF FIRE,MAIN FIRE CIVILIAN,Secretary to Chief of Fire,12,1,1,"$40,551","$46,388"
DEPARTMENT OF FIRE,DEPARTMENT OF FIRE,MAIN FIRE CIVILIAN,LAN Tech Support Specialist,12,1,1,"$40,551","$46,388"
DEPARTMENT OF FIRE,DEPARTMENT OF FIRE,MAIN FIRE CIVILIAN,Administrative Assistant,10,1,1,"$35,465 ","$41,312"
DEPARTMENT OF FIRE,DEPARTMENT OF FIRE,MAIN FIRE CIVILIAN,Typist II,8,0,1,"$30,867","$36,037"
DEPARTMENT OF FIRE,DEPARTMENT OF FIRE,MAIN FIRE CIVILIAN,Typist II,4,1,"$0,00","$24,376","$28,878"
DEPARTMENT OF FIRE,DEPARTMENT OF FIRE,MAIN FIRE CIVILIAN,Information Aide,1,1,1,"$21,712","$26,05"
DEPARTMENT OF FIRE,DEPARTMENT OF FIRE,MAIN FIRE CIVILIAN,Electrician,FLAT ,1,1,$29.03,$29.03
DEPARTMENT OF FIRE,DEPARTMENT OF FIRE,MAIN FIRE CIVILIAN,Heavy Equipment Mechanic Crewleader,29,1,1,$19.19,$19.19
DEPARTMENT OF FIRE,DEPARTMENT OF FIRE,MAIN FIRE CIVILIAN,Heavy Equipment Mechanic II,16,5,5,$16.51,$17.33
DEPARTMENT OF FIRE,DEPARTMENT OF FIRE,MAIN FIRE CIVILIAN,Fire Apparatus Maintenance Mechanic,16,1,1,$16.51,$17.33
DEPARTMENT OF FIRE,DEPARTMENT OF FIRE,MAIN FIRE CIVILIAN,Maintenance Worker II,13,1,1,$15.14,$15.92
DEPARTMENT OF FIRE,DEPARTMENT OF FIRE,MAIN FIRE CIVILIAN,Fire Equipment Supply Worker,8,1,1,$14.92,$15.78
DEPARTMENT OF FIRE,DEPARTMENT OF FIRE,FIRE PREVENTION BUREAU,Fire Captain,32A,1,1,"$71,644","$71,644"
DEPARTMENT OF FIRE,DEPARTMENT OF FIRE,FIRE PREVENTION BUREAU,Fire Lieutenant,25B,4,4,"$66,008","$66,008"
DEPARTMENT OF FIRE,DEPARTMENT OF FIRE,FIRE PREVENTION BUREAU,Firefighter,21A,5,5,"$39,296","$58,515"
DEPARTMENT OF FIRE,DEPARTMENT OF FIRE,FIRE PREVENTION BUREAU,Fire Engineer,16E,1,1,"$47,675","$64,707"
DEPARTMENT OF FIRE,DEPARTMENT OF FIRE,FIRE PREVENTION BUREAU,Typist II,8,0,1,"$30,867","$36,037"
DEPARTMENT OF FIRE,DEPARTMENT OF FIRE,FIRE PREVENTION BUREAU,Typist II,4,1,0,"$24,376","$28,878"
DEPARTMENT OF FIRE,DEPARTMENT OF FIRE,AIRPORT CRASH RESCUE,Fire Captain,32A,1,1,"$71,644","$71,644"
DEPARTMENT OF FIRE,DEPARTMENT OF FIRE,AIRPORT CRASH RESCUE,Fire Lieutenant,25B,4,4,"$66,008","$66,008"
DEPARTMENT OF FIRE,DEPARTMENT OF FIRE,AIRPORT CRASH RESCUE,Firefighter,21A,20,20,"$39,296","$58,515"
DEPARTMENT OF POLICE,DEPARTMENT OF POLICE,GENERAL SERVICES BUREAU,Chief of Police,FLAT,1,1,"$101.504,00","$101.504,00"
DEPARTMENT OF POLICE,DEPARTMENT OF POLICE,GENERAL SERVICES BUREAU,First Deputy Chief,FLAT,1,1,"$96.078,00","$96.078,00"
DEPARTMENT OF POLICE,DEPARTMENT OF POLICE,GENERAL SERVICES BUREAU,Inspector ,36A,1,1,"$89,779","$89,779"
DEPARTMENT OF POLICE,DEPARTMENT OF POLICE,GENERAL SERVICES BUREAU,Captain,35A,4,4,"$82,625","$82,625"
DEPARTMENT OF POLICE,DEPARTMENT OF POLICE,GENERAL SERVICES BUREAU,Lieutenant,32A,2,2,"$76,476","$76,476"
DEPARTMENT OF POLICE,DEPARTMENT OF POLICE,GENERAL SERVICES BUREAU,Sergeant,25B,7,7,"$70,348","$70,348"
DEPARTMENT OF POLICE,DEPARTMENT OF POLICE,GENERAL SERVICES BUREAU,Police Officer,21A,18,18,"$42,654","$63,549"
DEPARTMENT OF POLICE,DEPARTMENT OF POLICE,GENERAL SERVICES BUREAU,Garage Supervisor,13M,1,1,"$38,847","$49,848"
DEPARTMENT OF POLICE,DEPARTMENT OF POLICE,GENERAL SERVICES BUREAU,Grants Procurement Specialist,11,1,1,"$37,909","$43,753"
DEPARTMENT OF POLICE,DEPARTMENT OF POLICE,GENERAL SERVICES BUREAU,Research Technician I,11,1,1,"$37,909","$43,753"
DEPARTMENT OF POLICE,DEPARTMENT OF POLICE,GENERAL SERVICES BUREAU,Accountant I,11,1,1,"$37,909","$43,753"
DEPARTMENT OF POLICE,DEPARTMENT OF POLICE,GENERAL SERVICES BUREAU,Secretary to the Chief of Police,8,1,1,"$30,867","$36,037"
DEPARTMENT OF POLICE,DEPARTMENT OF POLICE,GENERAL SERVICES BUREAU,Control Clerk ,8,1,1,"$30,867","$36,037"
DEPARTMENT OF POLICE,DEPARTMENT OF POLICE,GENERAL SERVICES BUREAU,Duplicating Equipment Operator II,7,1,1,"$28,982","$34,155"
DEPARTMENT OF POLICE,DEPARTMENT OF POLICE,GENERAL SERVICES BUREAU,Community Service Officer,6,11,11,"$27,207","$31,709"
DEPARTMENT OF POLICE,DEPARTMENT OF POLICE,GENERAL SERVICES BUREAU,Account Clerk II,6,3,3,"$27,207","$31,709"
DEPARTMENT OF POLICE,DEPARTMENT OF POLICE,GENERAL SERVICES BUREAU,Personnel Aide,6,1,1,"$27,207","$31,709"
DEPARTMENT OF POLICE,DEPARTMENT OF POLICE,GENERAL SERVICES BUREAU,Data Entry Equipment Operator,2,5,5,"$22,282","$26,621"
DEPARTMENT OF POLICE,DEPARTMENT OF POLICE,GENERAL SERVICES BUREAU,Information Aide,1,0,1,"$21,712","$26,054"
DEPARTMENT OF POLICE,DEPARTMENT OF POLICE,GENERAL SERVICES BUREAU,Clerk,1,1,0,"$21,712","$26,054"
DEPARTMENT OF POLICE,DEPARTMENT OF POLICE,GENERAL SERVICES BUREAU,Auto (Police) Crewleader,25,2,2,$18.52,$18.52
DEPARTMENT OF POLICE,DEPARTMENT OF POLICE,GENERAL SERVICES BUREAU,Automotive/Equipment Mechanic,14,7,7,$16.08,$16.89
DEPARTMENT OF POLICE,DEPARTMENT OF POLICE,GENERAL SERVICES BUREAU,Stock Clerk,8,1,1,$14.92,$15.78
DEPARTMENT OF POLICE,DEPARTMENT OF POLICE,GENERAL SERVICES BUREAU,Laborer II,6,2,2,$14.64,$15.46
DEPARTMENT OF POLICE,DEPARTMENT OF POLICE,GENERAL SERVICES BUREAU,Laborer I,3,1,1,$14.24,$15.07
DEPARTMENT OF POLICE,DEPARTMENT OF POLICE,FIELD SERVICES,Deputy Chief,FLAT,3,3,"$94.632,00","$94.632,00"
DEPARTMENT OF POLICE,DEPARTMENT OF POLICE,FIELD SERVICES,Captain,35A,7,7,"$82,625","$82,625"
DEPARTMENT OF POLICE,DEPARTMENT OF POLICE,FIELD SERVICES,Lieutenant,32A,17,17,"$76,476","$76,476"
DEPARTMENT OF POLICE,DEPARTMENT OF POLICE,FIELD SERVICES,Sergeant,25B,60,60,"$70,348","$70,348"
DEPARTMENT OF POLICE,DEPARTMENT OF POLICE,FIELD SERVICES,Police Officer,21A,367,367,"$42,654","$63,549"
DEPARTMENT OF POLICE,DEPARTMENT OF POLICE,FIELD SERVICES,Community Service Officer,6,18,18,"$27,207","$31,709"
DEPARTMENT OF POLICE,DEPARTMENT OF POLICE,FIELD SERVICES,Parking Checkers,2,9,9,"$22,282","$26,621"
DEPARTMENT OF POLICE,DEPARTMENT OF POLICE,FIELD SERVICES,Information Aide,1,2,2,"$21,712","$26,054"
"DEPARTMENT OF PARKS, RECREATION AND YOUTH PROGRAMS","DEPARTMENT OF PARKS, RECREATION AND YOUTH PROGRAMS",ADMINISTRATION BUREAU,Commissioner of Parks and Recreation,21E,1,1,"$78,750","$100,378"
"DEPARTMENT OF PARKS, RECREATION AND YOUTH PROGRAMS","DEPARTMENT OF PARKS, RECREATION AND YOUTH PROGRAMS",ADMINISTRATION BUREAU,Deputy Commissioner of Parks and Recreation,17E,1,1,"$53.019,00","$69.393,00"
"DEPARTMENT OF PARKS, RECREATION AND YOUTH PROGRAMS","DEPARTMENT OF PARKS, RECREATION AND YOUTH PROGRAMS",ADMINISTRATION BUREAU,Facilities Engineer ,16M,2,2,"$47,329","$64,837"
"DEPARTMENT OF PARKS, RECREATION AND YOUTH PROGRAMS","DEPARTMENT OF PARKS, RECREATION AND YOUTH PROGRAMS",ADMINISTRATION BUREAU,Administrative Officer,14E,0,1,"$40,356","$52,707"
"DEPARTMENT OF PARKS, RECREATION AND YOUTH PROGRAMS","DEPARTMENT OF PARKS, RECREATION AND YOUTH PROGRAMS",ADMINISTRATION BUREAU,Administrative Analyst II,13,1,1,"$43,466","$49,969"
"DEPARTMENT OF PARKS, RECREATION AND YOUTH PROGRAMS","DEPARTMENT OF PARKS, RECREATION AND YOUTH PROGRAMS",ADMINISTRATION BUREAU,Administrative Assistant,10,1,1,"$35,465","$41,312"
"DEPARTMENT OF PARKS, RECREATION AND YOUTH PROGRAMS","DEPARTMENT OF PARKS, RECREATION AND YOUTH PROGRAMS",ADMINISTRATION BUREAU,Secretary to the Commissioner,10,1,1,"$35,465","$41,312"
"DEPARTMENT OF PARKS, RECREATION AND YOUTH PROGRAMS","DEPARTMENT OF PARKS, RECREATION AND YOUTH PROGRAMS",ADMINISTRATION BUREAU,Information Aide,1,1,1,"$21,712","$26,054"
"DEPARTMENT OF PARKS, RECREATION AND YOUTH PROGRAMS","DEPARTMENT OF PARKS, RECREATION AND YOUTH PROGRAMS",DIVISION OF PARKS/GROUNDS MAINTENANCE,Arborist,16,1,1,"$53,151","$60,324"
"DEPARTMENT OF PARKS, RECREATION AND YOUTH PROGRAMS","DEPARTMENT OF PARKS, RECREATION AND YOUTH PROGRAMS",DIVISION OF PARKS/GROUNDS MAINTENANCE,Superintendent of Grounds Maintenance,15M,1,1,"$42,285","$56,275"
"DEPARTMENT OF PARKS, RECREATION AND YOUTH PROGRAMS","DEPARTMENT OF PARKS, RECREATION AND YOUTH PROGRAMS",DIVISION OF PARKS/GROUNDS MAINTENANCE,Asst Superintendent of Grounds Maintenance,13M,1,1,"$38,847","$49,848"
"DEPARTMENT OF PARKS, RECREATION AND YOUTH PROGRAMS","DEPARTMENT OF PARKS, RECREATION AND YOUTH PROGRAMS",DIVISION OF PARKS/GROUNDS MAINTENANCE,Greenhouse Crewleader,23,1,1,$18.32,$18.32
"DEPARTMENT OF PARKS, RECREATION AND YOUTH PROGRAMS","DEPARTMENT OF PARKS, RECREATION AND YOUTH PROGRAMS",DIVISION OF PARKS/GROUNDS MAINTENANCE,Park Labor Crewleader,22,9,9,$17.97,$17.97
"DEPARTMENT OF PARKS, RECREATION AND YOUTH PROGRAMS","DEPARTMENT OF PARKS, RECREATION AND YOUTH PROGRAMS",DIVISION OF PARKS/GROUNDS MAINTENANCE,Tree Trimmer II,14,2,2,$16.08,$16.89
"DEPARTMENT OF PARKS, RECREATION AND YOUTH PROGRAMS","DEPARTMENT OF PARKS, RECREATION AND YOUTH PROGRAMS",DIVISION OF PARKS/GROUNDS MAINTENANCE,Motor Equipment Operator II,12,1,1,$15.62,$16.47
"DEPARTMENT OF PARKS, RECREATION AND YOUTH PROGRAMS","DEPARTMENT OF PARKS, RECREATION AND YOUTH PROGRAMS",DIVISION OF PARKS/GROUNDS MAINTENANCE,Motor Equipment Operator I,8,3,3,$14.92,$15.78
"DEPARTMENT OF PARKS, RECREATION AND YOUTH PROGRAMS","DEPARTMENT OF PARKS, RECREATION AND YOUTH PROGRAMS",DIVISION OF PARKS/GROUNDS MAINTENANCE,Gardener,7,3,3,$14.87,$15.72
"DEPARTMENT OF PARKS, RECREATION AND YOUTH PROGRAMS","DEPARTMENT OF PARKS, RECREATION AND YOUTH PROGRAMS",DIVISION OF PARKS/GROUNDS MAINTENANCE,Motor Equipment Dispatcher,7,1,1,$14.87,$15.72
"DEPARTMENT OF PARKS, RECREATION AND YOUTH PROGRAMS","DEPARTMENT OF PARKS, RECREATION AND YOUTH PROGRAMS",DIVISION OF PARKS/GROUNDS MAINTENANCE,Laborer II,6,5,5,$14.64,$15.46
"DEPARTMENT OF PARKS, RECREATION AND YOUTH PROGRAMS","DEPARTMENT OF PARKS, RECREATION AND YOUTH PROGRAMS",DIVISION OF PARKS/GROUNDS MAINTENANCE,Laborer I,3,13,13,$14.24,$15.07
"DEPARTMENT OF PARKS, RECREATION AND YOUTH PROGRAMS","DEPARTMENT OF PARKS, RECREATION AND YOUTH PROGRAMS",DIVISION OF PARKS/GROUNDS MAINTENANCE,Custodial Worker I,1,8,8,$13.52,$14.33
"DEPARTMENT OF PARKS, RECREATION AND YOUTH PROGRAMS","DEPARTMENT OF PARKS, RECREATION AND YOUTH PROGRAMS",DIVISION OF PARKS/GROUNDS MAINTENANCE,Seasonal Laborers,FLAT,12,12,$8.00/hour,$10.00/hour
"DEPARTMENT OF PARKS, RECREATION AND YOUTH PROGRAMS","DEPARTMENT OF PARKS, RECREATION AND YOUTH PROGRAMS",DIVISION OF PARKS/GROUNDS MAINTENANCE,Pool Maintenance Worker,FLAT,4,4,$400-$450 per week,$400-$450 per week
"DEPARTMENT OF PARKS, RECREATION AND YOUTH PROGRAMS","DEPARTMENT OF PARKS, RECREATION AND YOUTH PROGRAMS",DIVISION OF RECREATION,Public Information Officer,16E,1,1,"$47.675,00","$64.707,00"
"DEPARTMENT OF PARKS, RECREATION AND YOUTH PROGRAMS","DEPARTMENT OF PARKS, RECREATION AND YOUTH PROGRAMS",DIVISION OF RECREATION,Administrative Officer,14E,1,1,"$40.356,00","$52.707,00"
"DEPARTMENT OF PARKS, RECREATION AND YOUTH PROGRAMS","DEPARTMENT OF PARKS, RECREATION AND YOUTH PROGRAMS",DIVISION OF RECREATION,Recreation Program Director,15,2,2,"$49,679","$56,181"
"DEPARTMENT OF PARKS, RECREATION AND YOUTH PROGRAMS","DEPARTMENT OF PARKS, RECREATION AND YOUTH PROGRAMS",DIVISION OF RECREATION,Aquatic Director,13,0,1,"$43,466","$49,969"
"DEPARTMENT OF PARKS, RECREATION AND YOUTH PROGRAMS","DEPARTMENT OF PARKS, RECREATION AND YOUTH PROGRAMS",DIVISION OF RECREATION,Aquatic Supervisor,10,1,1,"$35,465","$41,312"
"DEPARTMENT OF PARKS, RECREATION AND YOUTH PROGRAMS","DEPARTMENT OF PARKS, RECREATION AND YOUTH PROGRAMS",DIVISION OF RECREATION,Recreation Supervisor (Arts & Crafts),10,1,1,"$35,465","$41,312"
"DEPARTMENT OF PARKS, RECREATION AND YOUTH PROGRAMS","DEPARTMENT OF PARKS, RECREATION AND YOUTH PROGRAMS",DIVISION OF RECREATION,Special Events Coordinator,10,1,1,"$35,465","$41,312"
"DEPARTMENT OF PARKS, RECREATION AND YOUTH PROGRAMS","DEPARTMENT OF PARKS, RECREATION AND YOUTH PROGRAMS",DIVISION OF RECREATION,Recreation Supervisor I,9,2,2,"$33,130","$38,288"
"DEPARTMENT OF PARKS, RECREATION AND YOUTH PROGRAMS","DEPARTMENT OF PARKS, RECREATION AND YOUTH PROGRAMS",DIVISION OF RECREATION,Golfing Program Director,9,1,1,"$33,130","$38,288"
"DEPARTMENT OF PARKS, RECREATION AND YOUTH PROGRAMS","DEPARTMENT OF PARKS, RECREATION AND YOUTH PROGRAMS",DIVISION OF RECREATION,Recreation Activity Specialist,7,1,1,"$28,982","$34,155"
"DEPARTMENT OF PARKS, RECREATION AND YOUTH PROGRAMS","DEPARTMENT OF PARKS, RECREATION AND YOUTH PROGRAMS",DIVISION OF RECREATION,Audio-Visual Aide,7,1,1,"$28,982","$34,155"
"DEPARTMENT OF PARKS, RECREATION AND YOUTH PROGRAMS","DEPARTMENT OF PARKS, RECREATION AND YOUTH PROGRAMS",DIVISION OF RECREATION,Recreation Leader,6,11,11,"$27,207","$31,709"
"DEPARTMENT OF PARKS, RECREATION AND YOUTH PROGRAMS","DEPARTMENT OF PARKS, RECREATION AND YOUTH PROGRAMS",DIVISION OF RECREATION,Recreation Aide,RA-01,14,14,"$19,746","$26,054"
"DEPARTMENT OF PARKS, RECREATION AND YOUTH PROGRAMS","DEPARTMENT OF PARKS, RECREATION AND YOUTH PROGRAMS",DIVISION OF RECREATION,Swimming Facility Manager,FLAT,2,2,$15.85,$15.85
"DEPARTMENT OF PARKS, RECREATION AND YOUTH PROGRAMS","DEPARTMENT OF PARKS, RECREATION AND YOUTH PROGRAMS",DIVISION OF RECREATION,Assistant Swimming Manager,FLAT,2,2,$11.75,$11.75
"DEPARTMENT OF PARKS, RECREATION AND YOUTH PROGRAMS","DEPARTMENT OF PARKS, RECREATION AND YOUTH PROGRAMS",DIVISION OF RECREATION,"TEMPORARY EMPLOYEES
Aquatic Program
Seasonal Aide/Pool Supervisor",FLAT,2,2,"$15,00","$15,00"
"DEPARTMENT OF PARKS, RECREATION AND YOUTH PROGRAMS","DEPARTMENT OF PARKS, RECREATION AND YOUTH PROGRAMS",DIVISION OF RECREATION,Seasonal Aide/Pool Supervisor,FLAT,2,2,"$13,00","$13,00"
"DEPARTMENT OF PARKS, RECREATION AND YOUTH PROGRAMS","DEPARTMENT OF PARKS, RECREATION AND YOUTH PROGRAMS",DIVISION OF RECREATION,Swimming Facility Manager II,FLAT,3,3,$12.75,$12.75
"DEPARTMENT OF PARKS, RECREATION AND YOUTH PROGRAMS","DEPARTMENT OF PARKS, RECREATION AND YOUTH PROGRAMS",DIVISION OF RECREATION,Swimming Facility Manager II,FLAT ,6,0,$11.25,$11.25
"DEPARTMENT OF PARKS, RECREATION AND YOUTH PROGRAMS","DEPARTMENT OF PARKS, RECREATION AND YOUTH PROGRAMS",DIVISION OF RECREATION,Swimming Facility Manager I,FLAT,5,0,$10.50,$10.50
"DEPARTMENT OF PARKS, RECREATION AND YOUTH PROGRAMS","DEPARTMENT OF PARKS, RECREATION AND YOUTH PROGRAMS",DIVISION OF RECREATION,Swimming Facility Manager I,FLAT,3,3,$10.25,$10.25
"DEPARTMENT OF PARKS, RECREATION AND YOUTH PROGRAMS","DEPARTMENT OF PARKS, RECREATION AND YOUTH PROGRAMS",DIVISION OF RECREATION,Assistant Swimming Facility Manager II,FLAT,9,9,$10.25,$10.25
"DEPARTMENT OF PARKS, RECREATION AND YOUTH PROGRAMS","DEPARTMENT OF PARKS, RECREATION AND YOUTH PROGRAMS",DIVISION OF RECREATION,Assistant Swimming Facility Manager II,FLAT,6,0,$10.50,$10.50
"DEPARTMENT OF PARKS, RECREATION AND YOUTH PROGRAMS","DEPARTMENT OF PARKS, RECREATION AND YOUTH PROGRAMS",DIVISION OF RECREATION,Assistant Swimming Facility Manager I,FLAT,4,4,$10.25,$10.25
"DEPARTMENT OF PARKS, RECREATION AND YOUTH PROGRAMS","DEPARTMENT OF PARKS, RECREATION AND YOUTH PROGRAMS",DIVISION OF RECREATION,Lifeguard III,FLAT,59,59,"$11,00","$11,00"
"DEPARTMENT OF PARKS, RECREATION AND YOUTH PROGRAMS","DEPARTMENT OF PARKS, RECREATION AND YOUTH PROGRAMS",DIVISION OF RECREATION,Lifeguard II,FLAT,70,70,"$10,00","$10,00"
"DEPARTMENT OF PARKS, RECREATION AND YOUTH PROGRAMS","DEPARTMENT OF PARKS, RECREATION AND YOUTH PROGRAMS",DIVISION OF RECREATION,Lifeguard I,FLAT,40,40,"$9,50","$9,50"
"DEPARTMENT OF PARKS, RECREATION AND YOUTH PROGRAMS","DEPARTMENT OF PARKS, RECREATION AND YOUTH PROGRAMS",DIVISION OF RECREATION,"Summer Pool Aides and Pool Monitors
Summer Aide",FLAT,55,0,"$8,75","$8,75"
"DEPARTMENT OF PARKS, RECREATION AND YOUTH PROGRAMS","DEPARTMENT OF PARKS, RECREATION AND YOUTH PROGRAMS",DIVISION OF RECREATION,Summer Aide,FLAT,0,55,"$9,00","$9,00"
"DEPARTMENT OF PARKS, RECREATION AND YOUTH PROGRAMS","DEPARTMENT OF PARKS, RECREATION AND YOUTH PROGRAMS",DIVISION OF RECREATION,"Senior Centers
Seasonal Aide",FLAT,2,1,"$10,00","$10,00"
"DEPARTMENT OF PARKS, RECREATION AND YOUTH PROGRAMS","DEPARTMENT OF PARKS, RECREATION AND YOUTH PROGRAMS",DIVISION OF RECREATION,"Summer Pool Night Security
Summer Aide",FLAT,0,2,"$12,00","$12,00"
"DEPARTMENT OF PARKS, RECREATION AND YOUTH PROGRAMS","DEPARTMENT OF PARKS, RECREATION AND YOUTH PROGRAMS",DIVISION OF RECREATION,Summer Aide,FLAT,0,18,"$9,50","$9,50"
"DEPARTMENT OF PARKS, RECREATION AND YOUTH PROGRAMS","DEPARTMENT OF PARKS, RECREATION AND YOUTH PROGRAMS",DIVISION OF RECREATION,Summer Aide,FLAT,2,0,"$10,00","$10,00"
"DEPARTMENT OF PARKS, RECREATION AND YOUTH PROGRAMS","DEPARTMENT OF PARKS, RECREATION AND YOUTH PROGRAMS",DIVISION OF RECREATION,Summer Aide,FLAT,18,0,"$9,00","$9,00"
"DEPARTMENT OF PARKS, RECREATION AND YOUTH PROGRAMS","DEPARTMENT OF PARKS, RECREATION AND YOUTH PROGRAMS",DIVISION OF RECREATION,"School Year Youth Program
Summer Aide",FLAT,2,3,"$12,00","$12,00"
"DEPARTMENT OF PARKS, RECREATION AND YOUTH PROGRAMS","DEPARTMENT OF PARKS, RECREATION AND YOUTH PROGRAMS",DIVISION OF RECREATION,Summer Aide,FLAT,1,2,"$11,00","$11,00"
"DEPARTMENT OF PARKS, RECREATION AND YOUTH PROGRAMS","DEPARTMENT OF PARKS, RECREATION AND YOUTH PROGRAMS",DIVISION OF RECREATION,Summer Aide,FLAT,17,17,"$10,00","$10,00"
"DEPARTMENT OF PARKS, RECREATION AND YOUTH PROGRAMS","DEPARTMENT OF PARKS, RECREATION AND YOUTH PROGRAMS",DIVISION OF RECREATION,Summer Aide,FLAT,1,21,"$9,00","$9,00"
"DEPARTMENT OF PARKS, RECREATION AND YOUTH PROGRAMS","DEPARTMENT OF PARKS, RECREATION AND YOUTH PROGRAMS",DIVISION OF RECREATION,Summer Aide,FLAT,14,0,"$9,00","$9,00"
"DEPARTMENT OF PARKS, RECREATION AND YOUTH PROGRAMS","DEPARTMENT OF PARKS, RECREATION AND YOUTH PROGRAMS",DIVISION OF RECREATION,"Ice Skating
Skating Facility Manager",FLAT,0,3,"$15,00","$15,00"
"DEPARTMENT OF PARKS, RECREATION AND YOUTH PROGRAMS","DEPARTMENT OF PARKS, RECREATION AND YOUTH PROGRAMS",DIVISION OF RECREATION,Skating Facility Manager,FLAT,2,1,"$13,50","$13,50"
"DEPARTMENT OF PARKS, RECREATION AND YOUTH PROGRAMS","DEPARTMENT OF PARKS, RECREATION AND YOUTH PROGRAMS",DIVISION OF RECREATION,Skating Facility Manager,FLAT,5,3,"$12,00","$12,00"
"DEPARTMENT OF PARKS, RECREATION AND YOUTH PROGRAMS","DEPARTMENT OF PARKS, RECREATION AND YOUTH PROGRAMS",DIVISION OF RECREATION,Skating Facility Manager,FLAT,6,5,"$10,50","$10,50"
"DEPARTMENT OF PARKS, RECREATION AND YOUTH PROGRAMS","DEPARTMENT OF PARKS, RECREATION AND YOUTH PROGRAMS",DIVISION OF RECREATION,Assistant Skating Facility Manager,FLAT,8,8,"$9,50","$9,50"
"DEPARTMENT OF PARKS, RECREATION AND YOUTH PROGRAMS","DEPARTMENT OF PARKS, RECREATION AND YOUTH PROGRAMS",DIVISION OF RECREATION,Seasonal Aide,FLAT,36,30,"$9,00","$9,00"
"DEPARTMENT OF PARKS, RECREATION AND YOUTH PROGRAMS","DEPARTMENT OF PARKS, RECREATION AND YOUTH PROGRAMS",DIVISION OF RECREATION,"Golf Courses
Seasonal Aide",FLAT,0,1,"$12,00","$12,00"
"DEPARTMENT OF PARKS, RECREATION AND YOUTH PROGRAMS","DEPARTMENT OF PARKS, RECREATION AND YOUTH PROGRAMS",DIVISION OF RECREATION,Seasonal Aide,FLAT,0,4,"$10,50","$10,50"
"DEPARTMENT OF PARKS, RECREATION AND YOUTH PROGRAMS","DEPARTMENT OF PARKS, RECREATION AND YOUTH PROGRAMS",DIVISION OF RECREATION,Seasonal Aide,FLAT,4,3,"$9,75","$9,75"
"DEPARTMENT OF PARKS, RECREATION AND YOUTH PROGRAMS","DEPARTMENT OF PARKS, RECREATION AND YOUTH PROGRAMS",DIVISION OF RECREATION,Seasonal Aide,FLAT,2,2,"$9,25","$9,25"
"DEPARTMENT OF PARKS, RECREATION AND YOUTH PROGRAMS","DEPARTMENT OF PARKS, RECREATION AND YOUTH PROGRAMS",DIVISION OF RECREATION,Seasonal Aide,FLAT,22,10,"$9,00","$9,00"
"DEPARTMENT OF PARKS, RECREATION AND YOUTH PROGRAMS","DEPARTMENT OF PARKS, RECREATION AND YOUTH PROGRAMS",DIVISION OF RECREATION,"Special Events
Seasonal Aide",FLAT,1,1,"$10,35","$10,35"
"DEPARTMENT OF PARKS, RECREATION AND YOUTH PROGRAMS","DEPARTMENT OF PARKS, RECREATION AND YOUTH PROGRAMS",DIVISION OF RECREATION,Seasonal Aide,FLAT,2,2,"$10,25","$10,25"
"DEPARTMENT OF PARKS, RECREATION AND YOUTH PROGRAMS","DEPARTMENT OF PARKS, RECREATION AND YOUTH PROGRAMS",DIVISION OF RECREATION,Seasonal Aide,FLAT,1,2,"$9,25","$9,25"
"DEPARTMENT OF PARKS, RECREATION AND YOUTH PROGRAMS","DEPARTMENT OF PARKS, RECREATION AND YOUTH PROGRAMS",DIVISION OF RECREATION,Seasonal Aide,FLAT,17,17,"$9,00","$9,00"
"DEPARTMENT OF PARKS, RECREATION AND YOUTH PROGRAMS","DEPARTMENT OF PARKS, RECREATION AND YOUTH PROGRAMS",DIVISION OF RECREATION,"Summer Playgrounds
Seasonal Aide",FLAT,5,8,"$12,00","$12,00"
"DEPARTMENT OF PARKS, RECREATION AND YOUTH PROGRAMS","DEPARTMENT OF PARKS, RECREATION AND YOUTH PROGRAMS",DIVISION OF RECREATION,Seasonal Aide,FLAT,36,33,"$10,00","$10,00"
"DEPARTMENT OF PARKS, RECREATION AND YOUTH PROGRAMS","DEPARTMENT OF PARKS, RECREATION AND YOUTH PROGRAMS",DIVISION OF RECREATION,Seasonal Aide,FLAT,32,35,"$9,00","$9,00"
"DEPARTMENT OF PARKS, RECREATION AND YOUTH PROGRAMS","DEPARTMENT OF PARKS, RECREATION AND YOUTH PROGRAMS",DIVISION OF RECREATION,"Summer Camps
Camp Director",FLAT,3,3,"$900,00","$900,00"
"DEPARTMENT OF PARKS, RECREATION AND YOUTH PROGRAMS","DEPARTMENT OF PARKS, RECREATION AND YOUTH PROGRAMS",DIVISION OF RECREATION,Assistant Director I,FLAT,4,4,"$680,00","$680,00"
"DEPARTMENT OF PARKS, RECREATION AND YOUTH PROGRAMS","DEPARTMENT OF PARKS, RECREATION AND YOUTH PROGRAMS",DIVISION OF RECREATION,Assistant Director I,FLAT,1,0,"$600,00","$600,00"
"DEPARTMENT OF PARKS, RECREATION AND YOUTH PROGRAMS","DEPARTMENT OF PARKS, RECREATION AND YOUTH PROGRAMS",DIVISION OF RECREATION,Assistant Director I,FLAT,0,1,"$448,50","$448,50"
"DEPARTMENT OF PARKS, RECREATION AND YOUTH PROGRAMS","DEPARTMENT OF PARKS, RECREATION AND YOUTH PROGRAMS",DIVISION OF RECREATION,Assistant Director II,FLAT,10,12,"$520,00","$520,00"
"DEPARTMENT OF PARKS, RECREATION AND YOUTH PROGRAMS","DEPARTMENT OF PARKS, RECREATION AND YOUTH PROGRAMS",DIVISION OF RECREATION,Assistant Director II (1/2 day),FLAT,5,6,"$325,00","$325,00"
"DEPARTMENT OF PARKS, RECREATION AND YOUTH PROGRAMS","DEPARTMENT OF PARKS, RECREATION AND YOUTH PROGRAMS",DIVISION OF RECREATION,Bus Monitor/Counselor,FLAT,32,28,"$480,00","$480,00"
"DEPARTMENT OF PARKS, RECREATION AND YOUTH PROGRAMS","DEPARTMENT OF PARKS, RECREATION AND YOUTH PROGRAMS",DIVISION OF RECREATION,Head Counselor,FLAT,28,28,"$345,00","$345,00"
"DEPARTMENT OF PARKS, RECREATION AND YOUTH PROGRAMS","DEPARTMENT OF PARKS, RECREATION AND YOUTH PROGRAMS",DIVISION OF RECREATION,Head Counselor,FLAT,0,2,"$250,00","$250,00"
"DEPARTMENT OF PARKS, RECREATION AND YOUTH PROGRAMS","DEPARTMENT OF PARKS, RECREATION AND YOUTH PROGRAMS",DIVISION OF RECREATION,Counselor II,FLAT,46,88,"$310,50","$310,50"
"DEPARTMENT OF PARKS, RECREATION AND YOUTH PROGRAMS","DEPARTMENT OF PARKS, RECREATION AND YOUTH PROGRAMS",DIVISION OF RECREATION,Counselor II,FLAT,0,2,"$198,00","$198,00"
"DEPARTMENT OF PARKS, RECREATION AND YOUTH PROGRAMS","DEPARTMENT OF PARKS, RECREATION AND YOUTH PROGRAMS",DIVISION OF RECREATION,Counselor II (1/2 day),FLAT,10,20,"$144,00","$144,00"
"DEPARTMENT OF PARKS, RECREATION AND YOUTH PROGRAMS","DEPARTMENT OF PARKS, RECREATION AND YOUTH PROGRAMS",DIVISION OF RECREATION,Counselor II (1/2 day),FLAT,10,0,"$140,00","$140,00"
"DEPARTMENT OF PARKS, RECREATION AND YOUTH PROGRAMS","DEPARTMENT OF PARKS, RECREATION AND YOUTH PROGRAMS",DIVISION OF RECREATION,Counselor I,FLAT,62,0,"$301,88","$301,88"
"DEPARTMENT OF PARKS, RECREATION AND YOUTH PROGRAMS","DEPARTMENT OF PARKS, RECREATION AND YOUTH PROGRAMS",DIVISION OF RECREATION,"Summer Leagues
Director/Donnie Fielder Tourney",FLAT,1,0,"$1.020,00","$1.020,00"
"DEPARTMENT OF PARKS, RECREATION AND YOUTH PROGRAMS","DEPARTMENT OF PARKS, RECREATION AND YOUTH PROGRAMS",DIVISION OF RECREATION,Director Boys’ Varsity,FLAT,1,1,"$1.500,00","$1.500,00"
"DEPARTMENT OF PARKS, RECREATION AND YOUTH PROGRAMS","DEPARTMENT OF PARKS, RECREATION AND YOUTH PROGRAMS",DIVISION OF RECREATION,Director Boy’s Jr. Varsity,FLAT,1,1,"$1.050,00","$1.050,00"
"DEPARTMENT OF PARKS, RECREATION AND YOUTH PROGRAMS","DEPARTMENT OF PARKS, RECREATION AND YOUTH PROGRAMS",DIVISION OF RECREATION,Director Girls’ Varsity,FLAT,1,1,"$900,00","$900,00"
"DEPARTMENT OF PARKS, RECREATION AND YOUTH PROGRAMS","DEPARTMENT OF PARKS, RECREATION AND YOUTH PROGRAMS",DIVISION OF RECREATION,Site Coordinator,FLAT,1,1,"$1.000,00","$1.000,00"
"DEPARTMENT OF PARKS, RECREATION AND YOUTH PROGRAMS","DEPARTMENT OF PARKS, RECREATION AND YOUTH PROGRAMS",DIVISION OF RECREATION,Coach,FLAT,8,0,"$150,00","$150,00"
"DEPARTMENT OF PARKS, RECREATION AND YOUTH PROGRAMS","DEPARTMENT OF PARKS, RECREATION AND YOUTH PROGRAMS",DIVISION OF RECREATION,Score Keeper,FLAT,0,2,"$1.710,00","$1.710,00"
"DEPARTMENT OF PARKS, RECREATION AND YOUTH PROGRAMS","DEPARTMENT OF PARKS, RECREATION AND YOUTH PROGRAMS",DIVISION OF RECREATION,Score Keeper,FLAT,2,0,"$1.662,50","$1.662,50"
"DEPARTMENT OF PARKS, RECREATION AND YOUTH PROGRAMS","DEPARTMENT OF PARKS, RECREATION AND YOUTH PROGRAMS",DIVISION OF RECREATION,Score Keeper,FLAT,0,2,"$864,00","$864,00"
"DEPARTMENT OF PARKS, RECREATION AND YOUTH PROGRAMS","DEPARTMENT OF PARKS, RECREATION AND YOUTH PROGRAMS",DIVISION OF RECREATION,Score Keeper,FLAT,2,0,"$840,00","$840,00"
"DEPARTMENT OF PARKS, RECREATION AND YOUTH PROGRAMS","DEPARTMENT OF PARKS, RECREATION AND YOUTH PROGRAMS",DIVISION OF RECREATION,Score Keeper,FLAT,0,4,"$810,00","$810,00"
"DEPARTMENT OF PARKS, RECREATION AND YOUTH PROGRAMS","DEPARTMENT OF PARKS, RECREATION AND YOUTH PROGRAMS",DIVISION OF RECREATION,Score Keeper,FLAT,4,0,"$787,50","$787,50"
"DEPARTMENT OF PARKS, RECREATION AND YOUTH PROGRAMS","DEPARTMENT OF PARKS, RECREATION AND YOUTH PROGRAMS",DIVISION OF RECREATION,Score Keeper,FLAT,0,2,"$360,00","$360,00"
"DEPARTMENT OF PARKS, RECREATION AND YOUTH PROGRAMS","DEPARTMENT OF PARKS, RECREATION AND YOUTH PROGRAMS",DOG CONTROL DIVISION,Dog Control Supervisor,13M,1,1,"$38,847","$49,848"
"DEPARTMENT OF PARKS, RECREATION AND YOUTH PROGRAMS","DEPARTMENT OF PARKS, RECREATION AND YOUTH PROGRAMS",DOG CONTROL DIVISION,Dog Control Officer,8,4,4,"$30,867","$36,037"
"DEPARTMENT OF PARKS, RECREATION AND YOUTH PROGRAMS","DEPARTMENT OF PARKS, RECREATION AND YOUTH PROGRAMS",DOG CONTROL DIVISION,Complaint Clerk/Dispatcher,6,1,1,"$27,207","$31,709"
DEPARTMENT OF AVIATION,DEPARTMENT OF AVIATION,DEPARTMENT OF AVIATION,Comissioner of Aviation,20E,1,1,"$69,874","$90,502"
DEPARTMENT OF AVIATION,DEPARTMENT OF AVIATION,DEPARTMENT OF AVIATION,Assistant Corporation Counsel IV,19E,1,1,"$63,427","$84,405"
DEPARTMENT OF AVIATION,DEPARTMENT OF AVIATION,DEPARTMENT OF AVIATION,Deputy Commissioner,18E,1,1,"$57.896,00","$76.870,00"
DEPARTMENT OF AVIATION,DEPARTMENT OF AVIATION,DEPARTMENT OF AVIATION,Airport Operations Officer,16E,1,1,"$47,675","$64,707"
DEPARTMENT OF AVIATION,DEPARTMENT OF AVIATION,DEPARTMENT OF AVIATION,Fiscal Officer,16E,1,1,"$47,675","$64,707"
DEPARTMENT OF AVIATION,DEPARTMENT OF AVIATION,DEPARTMENT OF AVIATION,Facilities Engineer,16M,1,1,"$47,329","$64,837"
DEPARTMENT OF AVIATION,DEPARTMENT OF AVIATION,DEPARTMENT OF AVIATION,Airport Maintenance Supervisor,15M,2,1,"$42,285","$56,275"
DEPARTMENT OF AVIATION,DEPARTMENT OF AVIATION,DEPARTMENT OF AVIATION,Airport Security Coordinator ,14E ,1,1,"$41.226,00","$52.898,00"
DEPARTMENT OF AVIATION,DEPARTMENT OF AVIATION,DEPARTMENT OF AVIATION,Accountant II,15,1,1,"$52.467,00","$59.231,00"
DEPARTMENT OF AVIATION,DEPARTMENT OF AVIATION,DEPARTMENT OF AVIATION,Geographic Information Specialist,14,1,1,"$49.127,00","$55.898,00"
DEPARTMENT OF AVIATION,DEPARTMENT OF AVIATION,DEPARTMENT OF AVIATION,Accountant I,11,1,1,"$40.221,00","$46.301,00"
DEPARTMENT OF AVIATION,DEPARTMENT OF AVIATION,DEPARTMENT OF AVIATION,Secretary to Commissioner,11,1,0,"$40.221,00","$46.301,00"
DEPARTMENT OF AVIATION,DEPARTMENT OF AVIATION,DEPARTMENT OF AVIATION,Administrative Assistant,10,2,2,"$37.678,00","$43.761,00"
DEPARTMENT OF AVIATION,DEPARTMENT OF AVIATION,DEPARTMENT OF AVIATION,Clerk III,8,1,1,"$32.894,00","$38.273,00"
DEPARTMENT OF AVIATION,DEPARTMENT OF AVIATION,DEPARTMENT OF AVIATION,Administrative Aide,7,1,1,"$30.934,00","$36.315,00"
DEPARTMENT OF AVIATION,DEPARTMENT OF AVIATION,DEPARTMENT OF AVIATION,Electrician,FLAT,2,2,"$30,80","$30,80"
DEPARTMENT OF AVIATION,DEPARTMENT OF AVIATION,DEPARTMENT OF AVIATION,Steamfitter,FLAT,2,2,"$30,25","$30,25"
DEPARTMENT OF AVIATION,DEPARTMENT OF AVIATION,DEPARTMENT OF AVIATION,Plumber,FLAT,1,1,"$30,25","$30,25"
DEPARTMENT OF AVIATION,DEPARTMENT OF AVIATION,DEPARTMENT OF AVIATION,Painter,FLAT,2,2,"$28,62","$28,62"
DEPARTMENT OF AVIATION,DEPARTMENT OF AVIATION,DEPARTMENT OF AVIATION,Carpenter,FLAT,1,1,"$29,71","$29,71"
DEPARTMENT OF AVIATION,DEPARTMENT OF AVIATION,DEPARTMENT OF AVIATION,Heavy Equipment Mechanic Crewleader,29,1,1,"$20,36","$20,36"
DEPARTMENT OF AVIATION,DEPARTMENT OF AVIATION,DEPARTMENT OF AVIATION,Airport Maintenance Crewleader,26,4,4,"$19,77","$19,77"
DEPARTMENT OF AVIATION,DEPARTMENT OF AVIATION,DEPARTMENT OF AVIATION,Airport Custodial Crewleader,21,5,5,"$18,78","$18,78"
DEPARTMENT OF AVIATION,DEPARTMENT OF AVIATION,DEPARTMENT OF AVIATION,Heavy Equipment Mechanic II,16,1,1,"$17,52","$18,39"
DEPARTMENT OF AVIATION,DEPARTMENT OF AVIATION,DEPARTMENT OF AVIATION,Storekeeper,15,1,1,"$17,22","$18,06"
DEPARTMENT OF AVIATION,DEPARTMENT OF AVIATION,DEPARTMENT OF AVIATION,Heavy Equipment Mechanic I,14,2,2,"$17,06","$17,92"
DEPARTMENT OF AVIATION,DEPARTMENT OF AVIATION,DEPARTMENT OF AVIATION,Airport Maintenance Worker II,11,3,3,"$16,35","$17,29"
DEPARTMENT OF AVIATION,DEPARTMENT OF AVIATION,DEPARTMENT OF AVIATION,Airport Operations Worker,10,9,9,"$16,13","$16,98"
DEPARTMENT OF AVIATION,DEPARTMENT OF AVIATION,DEPARTMENT OF AVIATION,Airport Maintenance Worker I,8,17,17,"$15,83","$16,75"
DEPARTMENT OF AVIATION,DEPARTMENT OF AVIATION,DEPARTMENT OF AVIATION,Gardener,7,1,1,"$15,78","$16,68"
DEPARTMENT OF AVIATION,DEPARTMENT OF AVIATION,DEPARTMENT OF AVIATION,Airport Custodial Worker II,4,1,1,"$15,21","$16,07"
DEPARTMENT OF AVIATION,DEPARTMENT OF AVIATION,DEPARTMENT OF AVIATION,Airport Custodial Worker I,3,33,33,"$15,11","$15,99"
DEPARTMENT OF AVIATION,DEPARTMENT OF AVIATION,DEPARTMENT OF AVIATION,Custodial Worker,FLAT,2,2,"$15,11","$15,11"
DEPARTMENT OF WATER,DEPARTMENT OF WATER,DIVISION OF WATER FINANCE,Utilities Billing Supervisor,15M,1,1,"$44.874,00","$59.720,00"
DEPARTMENT OF WATER,DEPARTMENT OF WATER,DIVISION OF WATER FINANCE,Account Clerk III,8,1,1,"$32.894,00","$38.273,00"
DEPARTMENT OF WATER,DEPARTMENT OF WATER,DIVISION OF WATER FINANCE,Administrative Aide,7,1,1,"$30.934,00","$36.315,00"
DEPARTMENT OF WATER,DEPARTMENT OF WATER,DIVISION OF WATER FINANCE,Account Clerk II,6,5,5,"$29.086,00","$33.770,00"
DEPARTMENT OF WATER,DEPARTMENT OF WATER,DIVISION OF WATER FINANCE,Account Clerk I,FLAT,1,0,$16.68/Hr.,$16.68/Hr.
DEPARTMENT OF WATER,DEPARTMENT OF WATER,DIVISION OF WATER FINANCE,Account Clerk II,FLAT,1,1,$15.43/Hr.,$15.43/Hr.
DEPARTMENT OF WATER,DEPARTMENT OF WATER,DIVISION OF ENGINEERING,Commissioner of Water,20E,1,1,"$69.874,00","$90.502,00"
DEPARTMENT OF WATER,DEPARTMENT OF WATER,DIVISION OF ENGINEERING,Deputy Commissioner of Water,18E,1,1,"$57.896,00","$76.870,00"
DEPARTMENT OF WATER,DEPARTMENT OF WATER,DIVISION OF ENGINEERING,Management Analyst,16,1,1,"$56.079,00","$63.541,00"
DEPARTMENT OF WATER,DEPARTMENT OF WATER,DIVISION OF ENGINEERING,Water Systems Construction Engineer I,16M,1,1,"$50.226,00","$68.805,00"
DEPARTMENT OF WATER,DEPARTMENT OF WATER,DIVISION OF ENGINEERING,Civil Engineer II,15,1,1,"$52.467,00","$59.231,00"
DEPARTMENT OF WATER,DEPARTMENT OF WATER,DIVISION OF ENGINEERING,Office Automation Technician,11,1,1,"$40.221,00","$46.301,00"
DEPARTMENT OF WATER,DEPARTMENT OF WATER,DIVISION OF ENGINEERING,Engineering Technician I,10,2,2,"$37.678,00","$43.761,00"
DEPARTMENT OF WATER,DEPARTMENT OF WATER,WATER QUALITY MANAGEMENT SECTION,Water Plant Manager,15M,1,1,"$44.874,00","$59.720,00"
DEPARTMENT OF WATER,DEPARTMENT OF WATER,WATER QUALITY MANAGEMENT SECTION,Sanitarian I,13M,1,1,"$41.226,00","$52.898,00"
DEPARTMENT OF WATER,DEPARTMENT OF WATER,WATER QUALITY MANAGEMENT SECTION,Watershed Inspector,16,2,2,"$17,52","$18,39"
DEPARTMENT OF WATER,DEPARTMENT OF WATER,WATER QUALITY MANAGEMENT SECTION,Water Treatment Plant Operator I,13,2,2,"$16,72","$17,57"
DEPARTMENT OF WATER,DEPARTMENT OF WATER,WATER QUALITY MANAGEMENT SECTION,Summer Aide,FLAT,1,1,$10.00/Hr.,$10.00/Hr.
DEPARTMENT OF WATER,DEPARTMENT OF WATER,SKANEATELES WATERSHED PROGRAM,Geographic Information Specialist II,15,1,1,"$52.467,00","$59.231,00"
DEPARTMENT OF WATER,DEPARTMENT OF WATER,SKANEATELES WATERSHED PROGRAM,Administrative Assistant,10,1,1,"$37.678,00","$43.761,00"
DEPARTMENT OF WATER,DEPARTMENT OF WATER,PLANT SECTION,Supt. of Maintenance & Operations,16M,1,1,"$50.226,00","$68.805,00"
DEPARTMENT OF WATER,DEPARTMENT OF WATER,PLANT SECTION,Ass't. Supt. of Maintenance & Operations,15M,2,2,"$44.874,00","$59.720,00"
DEPARTMENT OF WATER,DEPARTMENT OF WATER,PLANT SECTION,Meter Replacement Supervisor,15M,1,1,"$44.874,00","$59.720,00"
DEPARTMENT OF WATER,DEPARTMENT OF WATER,PLANT SECTION,Supervisor of Stores & Services,13M,1,1,"$41.226,00","$52.898,00"
DEPARTMENT OF WATER,DEPARTMENT OF WATER,PLANT SECTION,Instrumentation Mechanic,13,1,1,"$46.002,00","$52.768,00"
DEPARTMENT OF WATER,DEPARTMENT OF WATER,PLANT SECTION,Secretary to Commissioner of Water,11,1,1,"$40.221,00","$46.301,00"
DEPARTMENT OF WATER,DEPARTMENT OF WATER,PLANT SECTION,Administrative Aide,7,1,1,"$30.934,00","$36.315,00"
DEPARTMENT OF WATER,DEPARTMENT OF WATER,PLANT SECTION,Account Clerk II,6,2,2,"$29.086,00","$33.770,00"
DEPARTMENT OF WATER,DEPARTMENT OF WATER,PLANT SECTION,Electrician,FLAT,1,1,"$30,80","$30,80"
DEPARTMENT OF WATER,DEPARTMENT OF WATER,PLANT SECTION,Plumber,FLAT,3,3,"$30,25","$30,25"
DEPARTMENT OF WATER,DEPARTMENT OF WATER,PLANT SECTION,Heavy Equipment Mechanic Crewleader,29,1,1,"$20,36","$20,36"
DEPARTMENT OF WATER,DEPARTMENT OF WATER,PLANT SECTION,Water Maintenance Crewleader,24,6,6,"$19,62","$19,62"
DEPARTMENT OF WATER,DEPARTMENT OF WATER,PLANT SECTION,Storekeeper,15,1,1,"$17,22","$18,06"
DEPARTMENT OF WATER,DEPARTMENT OF WATER,PLANT SECTION,Underground Facilities Locator,15,1,1,"$17,22","$18,06"
DEPARTMENT OF WATER,DEPARTMENT OF WATER,PLANT SECTION,HEM I,14,2,2,"$17,06","$17,92"
DEPARTMENT OF WATER,DEPARTMENT OF WATER,PLANT SECTION,Water Treatment Plant Operator I,13,3,4,"$16,72","-$17,57"
DEPARTMENT OF WATER,DEPARTMENT OF WATER,PLANT SECTION,Water Maintenance Worker II,12,10,9,"$16,58","$17,48"
DEPARTMENT OF WATER,DEPARTMENT OF WATER,PLANT SECTION,Emergency Valve Operator,11,4,4,"$16,35","$17,29"
DEPARTMENT OF WATER,DEPARTMENT OF WATER,PLANT SECTION,Control Center Attendant,11,8,8,"$16,35","$17,29"
DEPARTMENT OF WATER,DEPARTMENT OF WATER,PLANT SECTION,Water Plant Operator Trainee,9,1,0,"$15,94","$16,84"
DEPARTMENT OF WATER,DEPARTMENT OF WATER,PLANT SECTION,Water Meter Repair Worker II,9,1,1,"$15,94","$16,84"
DEPARTMENT OF WATER,DEPARTMENT OF WATER,PLANT SECTION,Motor Equipment Operator,8,0,2,"$15,83","$16,75"
DEPARTMENT OF WATER,DEPARTMENT OF WATER,PLANT SECTION,Ass't. Emergency Valve Operator,8,4,4,"$15,83","$16,75"
DEPARTMENT OF WATER,DEPARTMENT OF WATER,PLANT SECTION,Maintenance Worker I,8,3,3,"$15,83","$16,75"
DEPARTMENT OF WATER,DEPARTMENT OF WATER,PLANT SECTION,Water Maintenance Worker I,8,17,15,"$15,83","$16,75"
DEPARTMENT OF WATER,DEPARTMENT OF WATER,PLANT SECTION,Water Meter Repair Worker I,7,3,2,"$15,78","$16,68"
DEPARTMENT OF WATER,DEPARTMENT OF WATER,PLANT SECTION,Meter Reader,7,4,4,"$15,78","$16,68"
DEPARTMENT OF WATER,DEPARTMENT OF WATER,PLANT SECTION,Laborer II,5,0,2,"$15,53","$16,41"
DEPARTMENT OF WATER,DEPARTMENT OF WATER,PLANT SECTION,Custodial Worker,1,1,1,"$14,35","$15,21"